regime,arm,width,head_mult,seed,threshold,step,loss,acc_train,gnorm_theta,gnorm_phi,disp,wall_s,probe_val,probe_test,acc_iid_val,acc_reversed_val,acc_ctx_random_val,acc_spec_only_val,acc_iid_test,acc_reversed_test,acc_ctx_random_test,acc_spec_only_test,status,lr,tau,reached_star
unready,ctxfree,128,1,2,init,0,1.0792596340179443,0.5053476095199585,1.2005952596664429,4.5520636124545915,0.0,0.01624464988708496,0.7545971247074557,0.7730769230769231,0.791039764881134,0.705449640750885,0.7492477297782898,0.7382146120071411,0.8339743614196777,0.7589743733406067,0.790705144405365,0.8054487705230713,stopped,0.001,1.65618896484375,True
unready,ctxfree,128,1,2,0.6,4120,0.5999993085861206,0.7201426029205322,0.0977705791592598,0.16608915238878758,0.07746996730566025,48.274558305740356,0.8318288197927114,0.8483974358974359,0.6746907234191895,0.5506519675254822,0.6138415336608887,0.6168505549430847,0.6801282167434692,0.5769230723381042,0.6288461685180664,0.6035256385803223,stopped,0.001,1.65618896484375,True
unready,ctxfree,128,1,2,0.5,5986,0.499940425157547,0.8244206309318542,0.15023158490657806,0.2195551462157596,0.1391371488571167,70.89604640007019,0.8940153794717486,0.9134615384615384,0.7616181969642639,0.7007689476013184,0.7325308918952942,0.6706786751747131,0.7701923251152039,0.7150641083717346,0.7439102530479431,0.6570513248443604,stopped,0.001,1.65618896484375,True
unready,ctxfree,128,1,2,0.4,7246,0.3999447226524353,0.8934937119483948,0.17196495831012726,0.23325336895453624,0.19608405232429504,86.18252778053284,0.9284520227348713,0.9503205128205128,0.8345034718513489,0.7970578074455261,0.8144432902336121,0.6977599263191223,0.8416666984558105,0.8131410479545593,0.8294872045516968,0.7019230723381042,stopped,0.001,1.65618896484375,True
unready,ctxfree,128,1,2,0.3,8498,0.2999783456325531,0.9295899868011475,0.16584092378616333,0.2116668171573783,0.2559378445148468,101.40939497947693,0.9465061852223337,0.9647435897435898,0.8846539258956909,0.8602473735809326,0.8729521632194519,0.7211634516716003,0.8993589878082275,0.8724359273910522,0.8855769634246826,0.7429487705230713,stopped,0.001,1.65618896484375,True
unready,ctxfree,128,1,2,0.2,10249,0.1999722123146057,0.956773579120636,0.13133352994918823,0.1590810303085617,0.32858505845069885,122.6344587802887,0.9592109662320294,0.9746794871794872,0.9227682948112488,0.9073888063430786,0.9137412309646606,0.7545971274375916,0.9362179636955261,0.9272435903549194,0.9278846383094788,0.7945513129234314,stopped,0.001,1.65618896484375,True
unready,ctxfree,128,1,2,0.15,11725,0.14998769760131836,0.9683600664138794,0.10366719961166382,0.12633084950595025,0.37543290853500366,140.4634337425232,0.9635573386827148,0.9782051282051282,0.934804379940033,0.9217652678489685,0.9277833104133606,0.7703109383583069,0.9496794939041138,0.9490385055541992,0.9467949271202087,0.8198718428611755,stopped,0.001,1.65618896484375,True
unready,ctxfree,128,1,2,0.1,14495,0.09998913109302521,0.9808377623558044,0.07095357030630112,0.09301174026299135,0.4370786249637604,179.4288284778595,0.9665663657639585,0.9814102564102564,0.9445001482963562,0.9354730844497681,0.9391507506370544,0.7953861355781555,0.9628205299377441,0.9653846621513367,0.9631410837173462,0.8503205180168152,stopped,0.001,1.65618896484375,True
unready,ctxfree,128,1,2,final,14495,0.09998913109302521,0.9808377623558044,0.07095357030630112,0.09301174026299135,0.4370786249637604,179.49541687965393,0.9665663657639585,0.9814102564102564,0.9445001482963562,0.9354730844497681,0.9391507506370544,0.7953861355781555,0.9628205299377441,0.9653846621513367,0.9631410837173462,0.8503205180168152,stopped,0.001,1.65618896484375,True
