step,grad_theta_norm,grad_phi_norm,egr
0,0.0,0.22560137096265392,0.0
1,0.0,0.20785026595611214,0.0
2,0.0,0.20183234023742264,0.0
3,0.0,0.188764114612141,0.0
4,0.0,0.18794771877724123,0.0
5,0.0,0.1835631747049493,0.0
6,0.0,0.17512254926213042,0.0
7,0.0,0.16632275748633,0.0
8,0.0,0.1615434679926094,0.0
9,0.0,0.153467196657036,0.0
10,0.0,0.14057048848816067,0.0
11,0.0,0.13463662977904928,0.0
12,0.0,0.128312876499646,0.0
13,0.0,0.11321708081707021,0.0
14,0.0,0.10247028895134376,0.0
15,0.0,0.08706248481316915,0.0
16,0.0,0.07528867577315189,0.0
17,0.0,0.061337946779261694,0.0
18,0.0,0.06966730650348953,0.0
19,0.0,0.04273927190065778,0.0
20,0.0,0.038596529875259085,0.0
21,0.0,0.053484989118461536,0.0
22,0.0,0.030483217177307752,0.0
23,0.0,0.03935692348317763,0.0
24,0.0,0.0447809967733753,0.0
25,0.0,0.04332744640691799,0.0
26,0.0,0.04397925677737579,0.0
27,0.0,0.05476054234814756,0.0
28,0.0,0.052327203473363025,0.0
29,0.0,0.05100130594771697,0.0
30,0.0,0.07155815135375097,0.0
31,0.0,0.05695763781284707,0.0
32,0.0,0.052002365769221855,0.0
33,0.0,0.0765261158754675,0.0
34,0.0,0.056956185288933835,0.0
35,0.0,0.045370418596231046,0.0
36,0.0,0.052340544058774106,0.0
37,0.0,0.05979502554610693,0.0
38,0.0,0.05799589273457491,0.0
39,0.0,0.04296485231762052,0.0
40,0.0,0.04438668944431966,0.0
41,0.0,0.039550392346177285,0.0
42,0.0,0.0360589705604919,0.0
43,0.0,0.02459221070701877,0.0
44,0.0,0.045883559132487324,0.0
45,0.0,0.028014522562100137,0.0
46,0.0,0.03262667631689394,0.0
47,0.0,0.04698807317517993,0.0
48,0.0,0.028965533080868397,0.0
49,0.0,0.03200039241481976,0.0
50,0.0,0.05652234286698803,0.0
51,0.0,0.04413930209992082,0.0
52,0.0,0.029110107770149884,0.0
53,0.0,0.04656213036560367,0.0
54,0.0,0.026292165078163777,0.0
55,0.0,0.03350575527309383,0.0
56,0.0,0.03636594110022335,0.0
57,0.0,0.030435614069759098,0.0
58,0.0,0.03112209963562068,0.0
59,0.0,0.027999408786855584,0.0
60,0.0,0.04021174901175394,0.0
61,0.0,0.02944838612692968,0.0
62,0.0,0.029266549504826173,0.0
63,0.0,0.036885611656754906,0.0
64,0.0,0.04173316048799437,0.0
65,0.0,0.038017956285270285,0.0
66,0.0,0.07495216709122367,0.0
67,0.0,0.04863141445774963,0.0
68,0.0,0.027668937505041197,0.0
69,0.0,0.06307414905415844,0.0
70,0.0,0.028951772038573725,0.0
71,0.0,0.07685196189471447,0.0
72,0.0,0.039720685530397815,0.0
73,0.0,0.031237099916731063,0.0
74,0.0,0.04240506566921409,0.0
75,0.0,0.04288020394938965,0.0
76,0.0,0.03900702502908318,0.0
77,0.0,0.03967574815079399,0.0
78,0.0,0.03728153706968398,0.0
79,0.0,0.027640854880253623,0.0
80,0.0,0.02799703774612399,0.0
81,0.0,0.08620415135564394,0.0
82,0.0,0.02427255668901123,0.0
83,0.0,0.03884718391957569,0.0
84,0.0,0.03769243772862198,0.0
85,0.0,0.030340461447405237,0.0
86,0.0,0.05808250477849901,0.0
87,0.0,0.05085526128476702,0.0
88,0.0,0.027609514812029872,0.0
89,0.0,0.04195647970525755,0.0
90,0.0,0.02617746423530621,0.0
91,0.0,0.04116509963424153,0.0
92,0.0,0.031377877343180795,0.0
93,0.0,0.05963154153880185,0.0
94,0.0,0.027249189000677618,0.0
95,0.0,0.04994901890067538,0.0
96,0.0,0.05769602094770116,0.0
97,0.0,0.02411705424614391,0.0
98,0.0,0.027360313810444563,0.0
99,0.0,0.050152561364846415,0.0
100,0.0,0.03467408765518204,0.0
101,0.0,0.025818175905242675,0.0
102,0.0,0.02507068512884712,0.0
103,0.0,0.028391820086820445,0.0
104,0.0,0.03266628040575619,0.0
105,0.0,0.02634401705160091,0.0
106,0.0,0.02434160253168014,0.0
107,0.0,0.03688874973959243,0.0
108,0.0,0.04696339896571078,0.0
109,0.0,0.04887717852650058,0.0
110,0.0,0.03499410098765258,0.0
111,0.0,0.025369260032354936,0.0
112,0.0,0.027410695202292695,0.0
113,0.0,0.030265107085425156,0.0
114,0.0,0.04671942640914498,0.0
115,0.0,0.029531969358198292,0.0
116,0.0,0.030483288156868862,0.0
117,0.0,0.04020774793383388,0.0
118,0.0,0.02840729142615866,0.0
119,0.0,0.026699751091510775,0.0
120,0.0,0.046520109751257324,0.0
121,0.0,0.040563273732499544,0.0
122,0.0,0.05229842910394635,0.0
123,0.0,0.04702138875370265,0.0
124,0.0,0.03843391351281963,0.0
125,0.0,0.05008345487706917,0.0
126,0.0,0.026560618347773433,0.0
127,0.0,0.04274568259426791,0.0
128,0.0,0.025820303554095626,0.0
129,0.0,0.03181581071700381,0.0
130,0.0,0.02413030415107501,0.0
131,0.0,0.0260185870243185,0.0
132,0.0,0.02913051460492312,0.0
133,0.0,0.03683010112300422,0.0
134,0.0,0.05660637691575605,0.0
135,0.0,0.0360515599548126,0.0
136,0.0,0.025330480995777782,0.0
137,0.0,0.03498502947756549,0.0
138,0.0,0.03840914788405417,0.0
139,0.0,0.033785686688630266,0.0
140,0.0,0.024285191267218828,0.0
141,0.0,0.024670744855184123,0.0
142,0.0,0.05837255564407412,0.0
143,0.0,0.07051515308207316,0.0
144,0.0,0.031675091295326085,0.0
145,0.0,0.03128965856283824,0.0
146,0.0,0.08247748048044537,0.0
147,0.0,0.08583333566610044,0.0
148,0.0,0.04712401822519674,0.0
149,0.0,0.039057390709610375,0.0
150,0.0,0.028784586902356014,0.0
151,0.0,0.07229125921021007,0.0
152,0.0,0.05997254307575545,0.0
153,0.0,0.03043482300779532,0.0
154,0.0,0.02715975305883725,0.0
155,0.0,0.03218071163398581,0.0
156,0.0,0.03536453054496114,0.0
157,0.0,0.02508558576590315,0.0
158,0.0,0.04298869396238648,0.0
159,0.0,0.05575981408810446,0.0
160,0.0,0.032604619326424875,0.0
161,0.0,0.04456547570301956,0.0
162,0.0,0.05669788370090733,0.0
163,0.0,0.0613687039232109,0.0
164,0.0,0.02511920885081077,0.0
165,0.0,0.05882838044235381,0.0
166,0.0,0.06617123958275951,0.0
167,0.0,0.05020804173072538,0.0
168,0.0,0.05484634386551275,0.0
169,0.0,0.03329539697055558,0.0
170,0.0,0.03745159058946052,0.0
171,0.0,0.0977642620561316,0.0
172,0.0,0.05968785415040049,0.0
173,0.0,0.051110815705784976,0.0
174,0.0,0.048045048355497194,0.0
175,0.0,0.061282513422915644,0.0
176,0.0,0.06641952812717253,0.0
177,0.0,0.057124250912093166,0.0
178,0.0,0.0425136954504802,0.0
179,0.0,0.06027268192256651,0.0
180,0.0,0.0339077085029578,0.0
181,0.0,0.029175546116060488,0.0
182,0.0,0.029742508335179035,0.0
183,0.0,0.02654940685014343,0.0
184,0.0,0.027662089174407132,0.0
185,0.0,0.028371181753539518,0.0
186,0.0,0.028806707807410566,0.0
187,0.0,0.04766188968863129,0.0
188,0.0,0.031410797574518305,0.0
189,0.0,0.032824947080376365,0.0
190,0.0,0.03653584840525198,0.0
191,0.0,0.03546740928526862,0.0
192,0.0,0.030452704020455523,0.0
193,0.0,0.03191416658877293,0.0
194,0.0,0.030446679482991665,0.0
195,0.0,0.02917201064833307,0.0
196,0.0,0.030309492822045588,0.0
197,0.0,0.03384406379575587,0.0
198,0.0,0.03595372728648225,0.0
199,0.0,0.02699416756119819,0.0
200,0.0,0.03644298214932868,0.0
201,0.0,0.02735204719116615,0.0
202,0.0,0.027697622474281446,0.0
203,0.0,0.030308436499836965,0.0
204,0.0,0.05034533585010132,0.0
205,0.0,0.06425481067928203,0.0
206,0.0,0.04422866447553815,0.0
207,0.0,0.033772485384714605,0.0
208,0.0,0.05035672729525683,0.0
209,0.0,0.06889639158431901,0.0
210,0.0,0.027179599025532773,0.0
211,0.0,0.0270090495749556,0.0
212,0.0,0.02823682769619347,0.0
213,0.0,0.02700407037843495,0.0
214,0.0,0.04362290040331145,0.0
215,0.0,0.027860597005504244,0.0
216,0.0,0.031453062522789,0.0
217,0.0,0.03437741304564903,0.0
218,0.0,0.038428871786332586,0.0
219,0.0,0.03629274605741775,0.0
220,0.0,0.03703552930760775,0.0
221,0.0,0.043992742797796455,0.0
222,0.0,0.02692846425954355,0.0
223,0.0,0.04102096157466656,0.0
224,0.0,0.02761733243359316,0.0
225,0.0,0.02770416963003292,0.0
226,0.0,0.02794887039536706,0.0
227,0.0,0.0370742349223122,0.0
228,0.0,0.03779323291932666,0.0
229,0.0,0.04640284025976478,0.0
230,0.0,0.07317683403630515,0.0
231,0.0,0.05992508918052562,0.0
232,0.0,0.03202197964445917,0.0
233,0.0,0.04989143517598675,0.0
234,0.0,0.02846401447816641,0.0
235,0.0,0.028728240290228167,0.0
236,0.0,0.040064352482407646,0.0
237,0.0,0.05355710085203698,0.0
238,0.0,0.028159632358607304,0.0
239,0.0,0.03466445588561574,0.0
240,0.0,0.08436551286311637,0.0
241,0.0,0.02934272424563107,0.0
242,0.0,0.02940819747496817,0.0
243,0.0,0.036170583965216656,0.0
244,0.0,0.04215942298495838,0.0
245,0.0,0.07085625719513146,0.0
246,0.0,0.05582704585439119,0.0
247,0.0,0.02553774068530547,0.0
248,0.0,0.02887779401322579,0.0
249,0.0,0.07803822705276783,0.0
250,0.0,0.06915510738666382,0.0
251,0.0,0.027685458588121825,0.0
252,0.0,0.026514168248820486,0.0
253,0.0,0.04612577767340155,0.0
254,0.0,0.03537571191729865,0.0
255,0.0,0.056813185934512574,0.0
256,0.0,0.03405306091945501,0.0
257,0.0,0.031173751795675546,0.0
258,0.0,0.03411287852158855,0.0
259,0.0,0.06020978096049615,0.0
260,0.0,0.03392651696356551,0.0
261,0.0,0.04208381371356837,0.0
262,0.0,0.03541798216185111,0.0
263,0.0,0.046565268107434055,0.0
264,0.0,0.04952059228113696,0.0
265,0.0,0.03319773565628095,0.0
266,0.0,0.027959672463719797,0.0
267,0.0,0.027384864480450744,0.0
268,0.0,0.027342117227402065,0.0
269,0.0,0.03968810970991311,0.0
270,0.0,0.04837413436181529,0.0
271,0.0,0.04666999586976127,0.0
272,0.0,0.07647801301203183,0.0
273,0.0,0.029984761714724462,0.0
274,0.0,0.037526159553814345,0.0
275,0.0,0.052008671225865145,0.0
276,0.0,0.035447735434598525,0.0
277,0.0,0.039317967392566995,0.0
278,0.0,0.039686601988520774,0.0
279,0.0,0.02600383052888744,0.0
280,0.0,0.03429083828265459,0.0
281,0.0,0.033279521504224016,0.0
282,0.0,0.038686091963705614,0.0
283,0.0,0.028047622794415725,0.0
284,0.0,0.028223858904056313,0.0
285,0.0,0.029068114203478903,0.0
286,0.0,0.027847624587386068,0.0
287,0.0,0.04018706256247707,0.0
288,0.0,0.052296543663853425,0.0
289,0.0,0.03094929100805716,0.0
290,0.0,0.042785672080320886,0.0
291,0.0,0.0452056585136803,0.0
292,0.0,0.0648817917209815,0.0
293,0.0,0.0349819222680886,0.0
294,0.0,0.052450622260698354,0.0
295,0.0,0.05577410624644588,0.0
296,0.0,0.03319112641117209,0.0
297,0.0,0.04486685553588699,0.0
298,0.0,0.06340237716124611,0.0
299,0.0,0.04172277557101785,0.0
300,0.0,0.027860450096795792,0.0
301,0.0,0.02954874077463037,0.0
302,0.0,0.04386379671116396,0.0
303,0.0,0.055246242751582963,0.0
304,0.0,0.0446237843927547,0.0
305,0.0,0.029840707602727865,0.0
306,0.0,0.034065290314324856,0.0
307,0.0,0.04197709857624813,0.0
308,0.0,0.024978993452775617,0.0
309,0.0,0.030437580758166403,0.0
310,0.0,0.031645197308829275,0.0
311,0.0,0.02830524948982949,0.0
312,0.0,0.03884430009561926,0.0
313,0.0,0.0693073738558435,0.0
314,0.0,0.04372644459537885,0.0
315,0.0,0.0691607080235322,0.0
316,0.0,0.03081591476118723,0.0
317,0.0,0.0326211343323139,0.0
318,0.0,0.0356790320723725,0.0
319,0.0,0.033374494517981,0.0
320,0.0,0.03373372655693201,0.0
321,0.0,0.04017048512356646,0.0
322,0.0,0.04820347903024455,0.0
323,0.0,0.03841786691864755,0.0
324,0.0,0.06948519142941656,0.0
325,0.0,0.0553160957320033,0.0
326,0.0,0.04926403353846966,0.0
327,0.0,0.044270791542495726,0.0
328,0.0,0.0421158804097165,0.0
329,0.0,0.09322746350527032,0.0
330,0.0,0.0576150674551137,0.0
331,0.0,0.06602070824285372,0.0
332,0.0,0.062551509318036,0.0
333,0.0,0.061245816990217125,0.0
334,0.0,0.03123671241148575,0.0
335,0.0,0.029849099284099664,0.0
336,0.0,0.04646629625691286,0.0
337,0.0,0.09508388114114392,0.0
338,0.0,0.040118481520489004,0.0
339,0.0,0.0328619676487173,0.0
340,0.0,0.06330411070916103,0.0
341,0.0,0.038900422173144815,0.0
342,0.0,0.047048933267698594,0.0
343,0.0,0.07714482925976698,0.0
344,0.0,0.048894707017424384,0.0
345,0.0,0.03254195887231253,0.0
346,0.0,0.046732537339180626,0.0
347,0.0,0.03458468008269001,0.0
348,0.0,0.0301323930949035,0.0
349,0.0,0.041242377993280836,0.0
350,0.0,0.034825022210089304,0.0
351,0.0,0.05493205573666869,0.0
352,0.0,0.04122729234165353,0.0
353,0.0,0.08270449213994184,0.0
354,0.0,0.04035192158926775,0.0
355,0.0,0.039592291049931255,0.0
356,0.0,0.038216490766631084,0.0
357,0.0,0.03756344123462525,0.0
358,0.0,0.03536806521596888,0.0
359,0.0,0.05468872055113655,0.0
360,0.0,0.047802064512121246,0.0
361,0.0,0.03499184402616118,0.0
362,0.0,0.03277454654331532,0.0
363,0.0,0.06737021768212621,0.0
364,0.0,0.04947422539421864,0.0
365,0.0,0.04791117152746094,0.0
366,0.0,0.03261923244794687,0.0
367,0.0,0.03199075109919291,0.0
368,0.0,0.032084939855206995,0.0
369,0.0,0.039305398741682075,0.0
370,0.0,0.05562353240231725,0.0
371,0.0,0.03592411859501621,0.0
372,0.0,0.034392818051377116,0.0
373,0.0,0.07094644123013238,0.0
374,0.0,0.06391877939027776,0.0
375,0.0,0.031191710385789263,0.0
376,0.0,0.07752192699622165,0.0
377,0.0,0.03866411936074789,0.0
378,0.0,0.0499103101963704,0.0
379,0.0,0.030825300837324755,0.0
380,0.0,0.036413695234160916,0.0
381,0.0,0.06382314989458167,0.0
382,0.0,0.054561483904031594,0.0
383,0.0,0.0328699390631309,0.0
384,0.0,0.04433785216596915,0.0
385,0.0,0.06940793736714998,0.0
386,0.0,0.039121315354933336,0.0
387,0.0,0.03454961283929198,0.0
388,0.0,0.053958807466829815,0.0
389,0.0,0.0461618349219682,0.0
390,0.0,0.03670163334507341,0.0
391,0.0,0.03673170122702149,0.0
392,0.0,0.037185891318644436,0.0
393,0.0,0.045152324618353966,0.0
394,0.0,0.033948662869736294,0.0
395,0.0,0.0346905064087964,0.0
396,0.0,0.03487484860105318,0.0
397,0.0,0.0614916963431873,0.0
398,0.0,0.03773773762159788,0.0
399,0.0,0.05604229592384526,0.0
400,0.0,0.03224374447056083,0.0
401,0.0,0.05149771470903233,0.0
402,0.0,0.03797901845336689,0.0
403,0.0,0.036250316999863585,0.0
404,0.0,0.04649885788400567,0.0
405,0.0,0.043175550408787775,0.0
406,0.0,0.031020490876463257,0.0
407,0.0,0.0469085308315771,0.0
408,0.0,0.03287389718164741,0.0
409,0.0,0.06452224016793401,0.0
410,0.0,0.03931839273749772,0.0
411,0.0,0.0308990406695699,0.0
412,0.0,0.055257473950235135,0.0
413,0.0,0.036874945297859826,0.0
414,0.0,0.03720054286925126,0.0
415,0.0,0.04202750741442678,0.0
416,0.0,0.030176723469483933,0.0
417,0.0,0.04839826254489764,0.0
418,0.0,0.035640366106577455,0.0
419,0.0,0.03109209879559193,0.0
420,0.0,0.05060947231590758,0.0
421,0.0,0.056365327568126525,0.0
422,0.0,0.033168822079733984,0.0
423,0.0,0.03970953712376059,0.0
424,0.0,0.051809519075794876,0.0
425,0.0,0.04195957524858519,0.0
426,0.0,0.04511706375245983,0.0
427,0.0,0.03262543183382291,0.0
428,0.0,0.03351115481563489,0.0
429,0.0,0.045748493549682516,0.0
430,0.0,0.04026012147716357,0.0
431,0.0,0.03664423256263586,0.0
432,0.0,0.05296179731770906,0.0
433,0.0,0.033650650976463685,0.0
434,0.0,0.04145107131977806,0.0
435,0.0,0.054243751034104865,0.0
436,0.0,0.03773958116103009,0.0
437,0.0,0.038561064935741865,0.0
438,0.0,0.041046057270273384,0.0
439,0.0,0.03543209924280309,0.0
440,0.0,0.04290117555481902,0.0
441,0.0,0.036507594486078244,0.0
442,0.0,0.05208321108157989,0.0
443,0.0,0.03736409466994017,0.0
444,0.0,0.05677547926149323,0.0
445,0.0,0.044905127184047544,0.0
446,0.0,0.03529105492338195,0.0
447,0.0,0.04169717712926544,0.0
448,0.0,0.04349693364386778,0.0
449,0.0,0.06126844727550947,0.0
450,0.0,0.041222035827587364,0.0
451,0.0,0.03840086341987713,0.0
452,0.0,0.05127356015281187,0.0
453,0.0,0.032500970334669206,0.0
454,0.0,0.04031290635377284,0.0
455,0.0,0.057441460118305795,0.0
456,0.0,0.04740445051254637,0.0
457,0.0,0.07217844713916156,0.0
458,0.0,0.06539680482910733,0.0
459,0.0,0.06084901224353642,0.0
460,0.0,0.04057843681025408,0.0
461,0.0,0.03966261814254948,0.0
462,0.0,0.06864844790361789,0.0
463,0.0,0.04966953546759831,0.0
464,0.0,0.07657651073606465,0.0
465,0.0,0.035692908663754234,0.0
466,0.0,0.03752445038418402,0.0
467,0.0,0.04027245867736535,0.0
468,0.0,0.0674308978028786,0.0
469,0.0,0.06840996371123392,0.0
470,0.0,0.03622528991408391,0.0
471,0.0,0.09910689860676909,0.0
472,0.0,0.06663568390341744,0.0
473,0.0,0.03813483085930575,0.0
474,0.0,0.046216092824258426,0.0
475,0.0,0.0463628903002211,0.0
476,0.0,0.07268993153942387,0.0
477,0.0,0.04154426982139817,0.0
478,0.0,0.0596852345199144,0.0
479,0.0,0.03956148130837069,0.0
480,0.0,0.11154708092878968,0.0
481,0.0,0.06155091383630981,0.0
482,0.0,0.07374704289935607,0.0
483,0.0,0.04012329461769007,0.0
484,0.0,0.05945825590357743,0.0
485,0.0,0.05016759230111045,0.0
486,0.0,0.04415821468315874,0.0
487,0.0,0.053726327652731345,0.0
488,0.0,0.0682036057739447,0.0
489,0.0,0.03468719693733793,0.0
490,0.0,0.06577976726625126,0.0
491,0.0,0.09709538271794746,0.0
492,0.0,0.08510375898645652,0.0
493,0.0,0.05869678860015384,0.0
494,0.0,0.06870033105462438,0.0
495,0.0,0.09388044249276796,0.0
496,0.0,0.0721926092735121,0.0
497,0.0,0.039838057968273305,0.0
498,0.0,0.0690883350853013,0.0
499,0.0,0.09441061426961375,0.0
500,0.0,0.06881290346633898,0.0
501,0.0,0.04120152152726823,0.0
502,0.0,0.09741091817113162,0.0
503,0.0,0.06275186787977385,0.0
504,0.0,0.05218429578814786,0.0
505,0.0,0.042331606834413525,0.0
506,0.0,0.07273857083885746,0.0
507,0.0,0.06572349015177326,0.0
508,0.0,0.04304345255005664,0.0
509,0.0,0.03951683495293272,0.0
510,0.0,0.08002039180929048,0.0
511,0.0,0.1202800797619611,0.0
512,0.0,0.05294977797998621,0.0
513,0.0,0.112187232917744,0.0
514,0.0,0.09308258626619635,0.0
515,0.0,0.04603424506759737,0.0
516,0.0,0.0474906744262828,0.0
517,0.0,0.06107221717988706,0.0
518,0.0,0.07324981788783852,0.0
519,0.0,0.07022533668284134,0.0
520,0.0,0.040561253061719905,0.0
521,0.0,0.056202385142671306,0.0
522,0.0,0.07462997510228728,0.0
523,0.0,0.043968209991970396,0.0
524,0.0,0.054870705052838115,0.0
525,0.0,0.04646096661928619,0.0
526,0.0,0.061075331578593926,0.0
527,0.0,0.08880603010293733,0.0
528,0.0,0.04788692492800921,0.0
529,0.0,0.050300821699874904,0.0
530,0.0,0.08946965691586146,0.0
531,0.0,0.05708352597111196,0.0
532,0.0,0.046303732182594315,0.0
533,0.0,0.04853667329042613,0.0
534,0.0,0.08286518665792432,0.0
535,0.0,0.06219790679631781,0.0
536,0.0,0.04432776937518152,0.0
537,0.0,0.08273123338243005,0.0
538,0.0,0.05938041839092622,0.0
539,0.0,0.03729870657359558,0.0
540,0.0,0.04428967660308891,0.0
541,0.0,0.07998573611338006,0.0
542,0.0,0.0869022358659493,0.0
543,0.0,0.07498684656948466,0.0
544,0.0,0.05808466626091283,0.0
545,0.0,0.06827743293802323,0.0
546,0.0,0.053803244432387584,0.0
547,0.0,0.08869961414199892,0.0
548,0.0,0.06340776289015657,0.0
549,0.0,0.04419455128173772,0.0
550,0.0,0.04542424293273816,0.0
551,0.0,0.07265704542924406,0.0
552,0.0,0.07669551301284727,0.0
553,0.0,0.04835011189251522,0.0
554,0.0,0.0956789851154313,0.0
555,0.0,0.09072108834557381,0.0
556,0.0,0.04193646736171307,0.0
557,0.0,0.06094454190100533,0.0
558,0.0,0.07389142553523649,0.0
559,0.0,0.11475393948212186,0.0
560,0.0,0.03934204513941215,0.0
561,0.0,0.08329071788273945,0.0
562,0.0,0.14688063549519612,0.0
563,0.0,0.04222445294333047,0.0
564,0.0,0.06349537792938312,0.0
565,0.0,0.08709120763448379,0.0
566,0.0,0.06150061722469993,0.0
567,0.0,0.08145804305003408,0.0
568,0.0,0.07664549856009059,0.0
569,0.0,0.09465267246606134,0.0
570,0.0,0.07316396569505541,0.0
571,0.0,0.04461553970580367,0.0
572,0.0,0.10069765167741111,0.0
573,0.0,0.07906758276170217,0.0
574,0.0,0.055763085769946874,0.0
575,0.0,0.06745059834004899,0.0
576,0.0,0.057961942191322245,0.0
577,0.0,0.04043783286175623,0.0
578,0.0,0.050964247359372446,0.0
579,0.0,0.046270500626206655,0.0
580,0.0,0.04828453007456391,0.0
581,0.0,0.049810753656258096,0.0
582,0.0,0.046322080685641004,0.0
583,0.0,0.05442046347029372,0.0
584,0.0,0.05176065590786557,0.0
585,0.0,0.0497544172404852,0.0
586,0.0,0.0898620078981817,0.0
587,0.0,0.06034511141842371,0.0
588,0.0,0.050907890582918086,0.0
589,0.0,0.08120216280423741,0.0
590,0.0,0.10989988564941659,0.0
591,0.0,0.07378130247500428,0.0
592,0.0,0.049686884704107974,0.0
593,0.0,0.07937018768632445,0.0
594,0.0,0.09905527247855564,0.0
595,0.0,0.044179922228304185,0.0
596,0.0,0.05492856253834688,0.0
597,0.0,0.05669377254652642,0.0
598,0.0,0.0760653206907953,0.0
599,0.0,0.10355790614171824,0.0
600,0.0,0.04279096423394181,0.0
601,0.0,0.08570151310626768,0.0
602,0.0,0.10923467435641965,0.0
603,0.0,0.05429966220138438,0.0
604,0.0,0.04758607870434379,0.0
605,0.0,0.06137253250610725,0.0
606,0.0,0.06082818212212967,0.0
607,0.0,0.041466879805492775,0.0
608,0.0,0.05862454980745547,0.0
609,0.0,0.08679887000596198,0.0
610,0.0,0.04768166806592388,0.0
611,0.0,0.042382791871843725,0.0
612,0.0,0.04786077319208094,0.0
613,0.0,0.050105149047206025,0.0
614,0.0,0.06973294345708701,0.0
615,0.0,0.048121426901607145,0.0
616,0.0,0.051048616463201996,0.0
617,0.0,0.08309693811005266,0.0
618,0.0,0.044708374254365364,0.0
619,0.0,0.061285882359450095,0.0
620,0.0,0.055155025962824594,0.0
621,0.0,0.09956491052925204,0.0
622,0.0,0.07639829537563687,0.0
623,0.0,0.05204258600898691,0.0
624,0.0,0.0426429205469025,0.0
625,0.0,0.07991425626511288,0.0
626,0.0,0.11232107239904815,0.0
627,0.0,0.05392580234660762,0.0
628,0.0,0.06723727441674483,0.0
629,0.0,0.10125256967562875,0.0
630,0.0,0.07831703738668405,0.0
631,0.0,0.058090770714720935,0.0
632,0.0,0.09594256447784513,0.0
633,0.0,0.07218795747645543,0.0
634,0.0,0.10269993611162803,0.0
635,0.0,0.0560459869920916,0.0
636,0.0,0.1082959775573092,0.0
637,0.0,0.0809731919361296,0.0
638,0.0,0.06605612903441248,0.0
639,0.0,0.052603003431755994,0.0
640,0.0,0.05033586249332337,0.0
641,0.0,0.09640412316616492,0.0
642,0.0,0.10416685969861345,0.0
643,0.0,0.10791053626265436,0.0
644,0.0,0.06307392907060615,0.0
645,0.0,0.13510167294393902,0.0
646,0.0,0.14656820243128188,0.0
647,0.0,0.044201208693307376,0.0
648,0.0,0.11239870841894566,0.0
649,0.0,0.10703777655312181,0.0
650,0.0,0.07098152975923787,0.0
651,0.0,0.057572226856012515,0.0
652,0.0,0.07344183295547348,0.0
653,0.0,0.0757289778280157,0.0
654,0.0,0.04692820691764429,0.0
655,0.0,0.05378392189070589,0.0
656,0.0,0.05645915325481622,0.0
657,0.0,0.05319494531660457,0.0
658,0.0,0.1083424258074862,0.0
659,0.0,0.05489448509354844,0.0
660,0.0,0.04854985923315267,0.0
661,0.0,0.09397647756730193,0.0
662,0.0,0.09827838021524865,0.0
663,0.0,0.04449869384523576,0.0
664,0.0,0.15014658594515706,0.0
665,0.0,0.046926709745877274,0.0
666,0.0,0.05630822960310431,0.0
667,0.0,0.05694728659769492,0.0
668,0.0,0.048198316564646626,0.0
669,0.0,0.06463197110094097,0.0
670,0.0,0.09886814449068321,0.0
671,0.0,0.048263393038375395,0.0
672,0.0,0.07634365693829402,0.0
673,0.0,0.08150825664649394,0.0
674,0.0,0.08255380914553322,0.0
675,0.0,0.05978681217003611,0.0
676,0.0,0.1360967951904995,0.0
677,0.0,0.11950792866403075,0.0
678,0.0,0.05711365841685299,0.0
679,0.0,0.08516633910845016,0.0
680,0.0,0.0847380206843709,0.0
681,0.0,0.09170369703785447,0.0
682,0.0,0.053209215431372144,0.0
683,0.0,0.0523906420687063,0.0
684,0.0,0.07068716914375031,0.0
685,0.0,0.10177462718270405,0.0
686,0.0,0.06819379680681852,0.0
687,0.0,0.07593564786870322,0.0
688,0.0,0.0982026466613658,0.0
689,0.0,0.08353146475174701,0.0
690,0.0,0.05739980302647086,0.0
691,0.0,0.04142581041719244,0.0
692,0.0,0.11773862486340778,0.0
693,0.0,0.09889394472849844,0.0
694,0.0,0.0793707312944745,0.0
695,0.0,0.07050451474224653,0.0
696,0.0,0.08677675503092765,0.0
697,0.0,0.052464873810147354,0.0
698,0.0,0.09869443566519313,0.0
699,0.0,0.07109997564543213,0.0
700,0.0,0.05516897340388548,0.0
701,0.0,0.06844849684213139,0.0
702,0.0,0.04965611639056435,0.0
703,0.0,0.06558154570811305,0.0
704,0.0,0.05344657026820375,0.0
705,0.0,0.044613621584547306,0.0
706,0.0,0.04897781319665629,0.0
707,0.0,0.0676871279050393,0.0
708,0.0,0.056058726538131334,0.0
709,0.0,0.046494159366195054,0.0
710,0.0,0.04299792641188618,0.0
711,0.0,0.05613536098473994,0.0
712,0.0,0.04815053481535451,0.0
713,0.0,0.06514807170932979,0.0
714,0.0,0.05329646066633618,0.0
715,0.0,0.053883654609397584,0.0
716,0.0,0.051977616861855376,0.0
717,0.0,0.05442317819273571,0.0
718,0.0,0.05156944136218862,0.0
719,0.0,0.06803733762199342,0.0
720,0.0,0.04534580308994439,0.0
721,0.0,0.05509471921683393,0.0
722,0.0,0.052525218445528314,0.0
723,0.0,0.06757698198944286,0.0
724,0.0,0.0531194272198901,0.0
725,0.0,0.06171472471143035,0.0
726,0.0,0.045289968415087006,0.0
727,0.0,0.0755548684158369,0.0
728,0.0,0.06180487848664287,0.0
729,0.0,0.05819706399212922,0.0
730,0.0,0.06666654480105613,0.0
731,0.0,0.0577490066688279,0.0
732,0.0,0.04564149476345305,0.0
733,0.0,0.05957644996602041,0.0
734,0.0,0.0869347060258168,0.0
735,0.0,0.05495863807373158,0.0
736,0.0,0.06161892525519409,0.0
737,0.0,0.05756968306190708,0.0
738,0.0,0.11601132767638461,0.0
739,0.0,0.06696580686386613,0.0
740,0.0,0.05503373118208531,0.0
741,0.0,0.07729699108862753,0.0
742,0.0,0.0625396735331781,0.0
743,0.0,0.06305292287456704,0.0
744,0.0,0.05877682504747223,0.0
745,0.0,0.054326145117136564,0.0
746,0.0,0.07375317644851082,0.0
747,0.0,0.05189540391720632,0.0
748,0.0,0.056377840027171874,0.0
749,0.0,0.05984617725188983,0.0
750,0.0,0.07511260117404919,0.0
751,0.0,0.04509029273092696,0.0
752,0.0,0.06771782852803689,0.0
753,0.0,0.0687063598504039,0.0
754,0.0,0.057078800068911896,0.0
755,0.0,0.07386709731821196,0.0
756,0.0,0.06773072744238551,0.0
757,0.0,0.05253608139173492,0.0
758,0.0,0.05593824092767738,0.0
759,0.0,0.07322392722828665,0.0
760,0.0,0.057696685094198626,0.0
761,0.0,0.0641903463514255,0.0
762,0.0,0.0936420285826107,0.0
763,0.0,0.10600073935787808,0.0
764,0.0,0.06550014767770977,0.0
765,0.0,0.049627003521666865,0.0
766,0.0,0.0579799655210607,0.0
767,0.0,0.0666704928624393,0.0
768,0.0,0.0605351669028841,0.0
769,0.0,0.06773102259128976,0.0
770,0.0,0.0664444268947424,0.0
771,0.0,0.0549158085750476,0.0
772,0.0,0.05648837155130264,0.0
773,0.0,0.06430741805076538,0.0
774,0.0,0.06338821679892835,0.0
775,0.0,0.05449669522659216,0.0
776,0.0,0.060883937786829885,0.0
777,0.0,0.07546057201035687,0.0
778,0.0,0.08079727141599909,0.0
779,0.0,0.05193857382836926,0.0
780,0.0,0.054742859745706876,0.0
781,0.0,0.07319596322061551,0.0
782,0.0,0.06592175331554317,0.0
783,0.0,0.05885977204160849,0.0
784,0.0,0.06386190639671044,0.0
785,0.0,0.0820304103862278,0.0
786,0.0,0.067213894254216,0.0
787,0.0,0.05835130502768829,0.0
788,0.0,0.09056506352285866,0.0
789,0.0,0.05735443578564778,0.0
790,0.0,0.04569424953215314,0.0
791,0.0,0.061537699381110963,0.0
792,0.0,0.08498426069632378,0.0
793,0.0,0.07136165614605033,0.0
794,0.0,0.09526658440487562,0.0
795,0.0,0.054955678058201785,0.0
796,0.0,0.06020075259819301,0.0
797,0.0,0.05819638592723557,0.0
798,0.0,0.05203938071678986,0.0
799,0.0,0.05319087442626293,0.0
800,0.0,0.07302208212917155,0.0
801,0.0,0.07224725849513286,0.0
802,0.0,0.05568805740484623,0.0
803,0.0,0.06787936775863582,0.0
804,0.0,0.059547073087077976,0.0
805,0.0,0.04849401840312171,0.0
806,0.0,0.05929616101088203,0.0
807,0.0,0.0643793939892681,0.0
808,0.0,0.06367841357490502,0.0
809,0.0,0.06729617272551162,0.0
810,0.0,0.08075143364156678,0.0
811,0.0,0.05097056212489454,0.0
812,0.0,0.057671419125904,0.0
813,0.0,0.06783173137069771,0.0
814,0.0,0.060550511284863766,0.0
815,0.0,0.06820612145425496,0.0
816,0.0,0.053163036794076975,0.0
817,0.0,0.08741090075997947,0.0
818,0.0,0.056082221732793515,0.0
819,0.0,0.08613275576406348,0.0
820,0.0,0.07112210989715229,0.0
821,0.0,0.08629576283590723,0.0
822,0.0,0.08139822442586764,0.0
823,0.0,0.05177740638368526,0.0
824,0.0,0.10611723262801281,0.0
825,0.0,0.07421929555695571,0.0
826,0.0,0.06434439171044175,0.0
827,0.0,0.06995655695128578,0.0
828,0.0,0.05983379733018612,0.0
829,0.0,0.08445371724891715,0.0
830,0.0,0.04903184331488802,0.0
831,0.0,0.0741714158764687,0.0
832,0.0,0.061269408355245504,0.0
833,0.0,0.10972253910571152,0.0
834,0.0,0.06214727894550687,0.0
835,0.0,0.06282502713070184,0.0
836,0.0,0.06987727548624739,0.0
837,0.0,0.07636794287842757,0.0
838,0.0,0.06523690367135318,0.0
839,0.0,0.08582465426108493,0.0
840,0.0,0.10439558987107504,0.0
841,0.0,0.07319702678395267,0.0
842,0.0,0.0833781143276752,0.0
843,0.0,0.056272313670692374,0.0
844,0.0,0.06081775699856642,0.0
845,0.0,0.0659091241242989,0.0
846,0.0,0.06009936703418333,0.0
847,0.0,0.05087072042655601,0.0
848,0.0,0.05904375195935116,0.0
849,0.0,0.0775685609103263,0.0
850,0.0,0.06476314104586449,0.0
851,0.0,0.06132148131571836,0.0
852,0.0,0.06043631824464615,0.0
853,0.0,0.06881498155786707,0.0
854,0.0,0.0619564831184819,0.0
855,0.0,0.05698357338219908,0.0
856,0.0,0.10980786117819111,0.0
857,0.0,0.05739511014474417,0.0
858,0.0,0.06483022134601325,0.0
859,0.0,0.07832166627923232,0.0
860,0.0,0.08371448729241696,0.0
861,0.0,0.06743915552867136,0.0
862,0.0,0.06699948339764364,0.0
863,0.0,0.07759434609088402,0.0
864,0.0,0.047891535256219225,0.0
865,0.0,0.06464480673518479,0.0
866,0.0,0.06374413446118507,0.0
867,0.0,0.07077576841837646,0.0
868,0.0,0.05790544641486898,0.0
869,0.0,0.06332701233391273,0.0
870,0.0,0.08150532976824383,0.0
871,0.0,0.05360499121252429,0.0
872,0.0,0.07895792774694584,0.0
873,0.0,0.12327209530489892,0.0
874,0.0,0.06186138459873368,0.0
875,0.0,0.06521312091576882,0.0
876,0.0,0.12146932120174464,0.0
877,0.0,0.09023671437457403,0.0
878,0.0,0.05471409465071897,0.0
879,0.0,0.11561236855218847,0.0
880,0.0,0.08075048349838088,0.0
881,0.0,0.058199586014067245,0.0
882,0.0,0.10727205042311781,0.0
883,0.0,0.066371341209291,0.0
884,0.0,0.057103230850159545,0.0
885,0.0,0.05124428792225151,0.0
886,0.0,0.05616985981114695,0.0
887,0.0,0.05173726087822843,0.0
888,0.0,0.07911236436847059,0.0
889,0.0,0.060808021156561046,0.0
890,0.0,0.07964370455896462,0.0
891,0.0,0.053182048756765535,0.0
892,0.0,0.0712422243222174,0.0
893,0.0,0.0705111251453509,0.0
894,0.0,0.09078525788326655,0.0
895,0.0,0.06808256253979068,0.0
896,0.0,0.05384668324651302,0.0
897,0.0,0.0669494118487285,0.0
898,0.0,0.07227227071299845,0.0
899,0.0,0.057150332123815824,0.0
900,0.0,0.1270998668356628,0.0
901,0.0,0.0650231659395094,0.0
902,0.0,0.10813702010463536,0.0
903,0.0,0.08260833177607695,0.0
904,0.0,0.09452482591575778,0.0
905,0.0,0.05810984173190186,0.0
906,0.0,0.07282202482143732,0.0
907,0.0,0.08856161005400964,0.0
908,0.0,0.06283747082963305,0.0
909,0.0,0.10528069678028291,0.0
910,0.0,0.11010035155913497,0.0
911,0.0,0.07920850216585662,0.0
912,0.0,0.10323402641934208,0.0
913,0.0,0.11228500639496891,0.0
914,0.0,0.06720560043245992,0.0
915,0.0,0.07668597419113181,0.0
916,0.0,0.08391282691999052,0.0
917,0.0,0.07081018983463289,0.0
918,0.0,0.059820975114122314,0.0
919,0.0,0.05591266437459442,0.0
920,0.0,0.07683545728013357,0.0
921,0.0,0.06162605304712232,0.0
922,0.0,0.0690338987437459,0.0
923,0.0,0.06446966773791728,0.0
924,0.0,0.06724131906780938,0.0
925,0.0,0.060991559022204274,0.0
926,0.0,0.07105393092477881,0.0
927,0.0,0.08085525185875313,0.0
928,0.0,0.07796369236042652,0.0
929,0.0,0.07083778051741799,0.0
930,0.0,0.06843139321508264,0.0
931,0.0,0.08290817806127186,0.0
932,0.0,0.06842656702308865,0.0
933,0.0,0.06677564082440506,0.0
934,0.0,0.06941181503375082,0.0
935,0.0,0.06477575315259067,0.0
936,0.0,0.052141618453456065,0.0
937,0.0,0.09918079023191388,0.0
938,0.0,0.061745565697871006,0.0
939,0.0,0.08022550324379102,0.0
940,0.0,0.09714661865646529,0.0
941,0.0,0.05432254121022365,0.0
942,0.0,0.0742916604691846,0.0
943,0.0,0.13844772098708813,0.0
944,0.0,0.06476219240241216,0.0
945,0.0,0.062415606484037024,0.0
946,0.0,0.07847381492833086,0.0
947,0.0,0.21694456635027146,0.0
948,0.0,0.06263271258437063,0.0
949,0.0,0.15309361498375218,0.0
950,0.0,0.18005946780554447,0.0
951,0.0,0.057952901661360905,0.0
952,0.0,0.08789977938277196,0.0
953,0.0,0.1476679183781113,0.0
954,0.0,0.06850817163826937,0.0
955,0.0,0.06933934326301028,0.0
956,0.0,0.09112198235882703,0.0
957,0.0,0.086134268929209,0.0
958,0.0,0.05796567690053168,0.0
959,0.0,0.0780858952123902,0.0
960,0.0,0.06906772501584463,0.0
961,0.0,0.12595814008338568,0.0
962,0.0,0.07216482834159815,0.0
963,0.0,0.0982551390318378,0.0
964,0.0,0.06654785642424829,0.0
965,0.0,0.07133281187247738,0.0
966,0.0,0.09514566420145872,0.0
967,0.0,0.07374437441611557,0.0
968,0.0,0.05516329525620547,0.0
969,0.0,0.0728391878163841,0.0
970,0.0,0.10141760406342987,0.0
971,0.0,0.060704050409461335,0.0
972,0.0,0.0830977021540199,0.0
973,0.0,0.09661864368356748,0.0
974,0.0,0.0780096947545154,0.0
975,0.0,0.07131873392689456,0.0
976,0.0,0.06822611863317049,0.0
977,0.0,0.09917256778702435,0.0
978,0.0,0.07257465480347218,0.0
979,0.0,0.0668318328040795,0.0
980,0.0,0.06671707459547745,0.0
981,0.0,0.06441642896723043,0.0
982,0.0,0.05640843518625668,0.0
983,0.0,0.09783125217361341,0.0
984,0.0,0.06868480695275236,0.0
985,0.0,0.06598395883186213,0.0
986,0.0,0.07915179675998829,0.0
987,0.0,0.07007849112057414,0.0
988,0.0,0.06403115313187216,0.0
989,0.0,0.06915686924690431,0.0
990,0.0,0.11242248250554933,0.0
991,0.0,0.07500136082067843,0.0
992,0.0,0.058045133239007216,0.0
993,0.0,0.12874189966420077,0.0
994,0.0,0.0773290612681388,0.0
995,0.0,0.06154625004357581,0.0
996,0.0,0.06793256591854883,0.0
997,0.0,0.0763641982876169,0.0
998,0.0,0.07234611863130153,0.0
999,0.0,0.07644295554393447,0.0
1000,0.0,0.08042091649557379,0.0
1001,0.0,0.11132514969505664,0.0
1002,0.0,0.06411113710527742,0.0
1003,0.0,0.1492784968520287,0.0
1004,0.0,0.11872480087444309,0.0
1005,0.0,0.0714410610653903,0.0
1006,0.0,0.12713641589256972,0.0
1007,0.0,0.1896821974019267,0.0
1008,0.0,0.07958324482173566,0.0
1009,0.0,0.19124146345431514,0.0
1010,0.0,0.184708195291199,0.0
1011,0.0,0.08640550584189981,0.0
1012,0.0,0.13420851981065895,0.0
1013,0.0,0.1460690929838644,0.0
1014,0.0,0.12226490603828193,0.0
1015,0.0,0.08621472035246684,0.0
1016,0.0,0.12490020993209262,0.0
1017,0.0,0.14485917131795945,0.0
1018,0.0,0.09877223581751471,0.0
1019,0.0,0.08042887369404077,0.0
1020,0.0,0.1547563831469488,0.0
1021,0.0,0.16138620717961172,0.0
1022,0.0,0.055004302237576304,0.0
1023,0.0,0.14993942451360004,0.0
1024,0.0,0.13347352170362195,0.0
1025,0.0,0.0808130727849297,0.0
1026,0.0,0.12306284647083084,0.0
1027,0.0,0.12008268381213968,0.0
1028,0.0,0.06149615714443933,0.0
1029,0.0,0.0810553489831854,0.0
1030,0.0,0.07294203542547578,0.0
1031,0.0,0.0729450939600501,0.0
1032,0.0,0.07704750353295438,0.0
1033,0.0,0.07395168071090652,0.0
1034,0.0,0.06935538023843081,0.0
1035,0.0,0.09545228570596094,0.0
1036,0.0,0.09459943142552561,0.0
1037,0.0,0.07980406338813349,0.0
1038,0.0,0.09839238030849384,0.0
1039,0.0,0.11301232734689495,0.0
1040,0.0,0.0564473183298422,0.0
1041,0.0,0.08560201807216977,0.0
1042,0.0,0.1393488311824178,0.0
1043,0.0,0.06161529165833393,0.0
1044,0.0,0.06720709754666684,0.0
1045,0.0,0.06720463122106318,0.0
1046,0.0,0.1258771440765144,0.0
1047,0.0,0.07766885947796597,0.0
1048,0.0,0.06056081247077704,0.0
1049,0.0,0.09950537751454942,0.0
1050,0.0,0.1756659381194584,0.0
1051,0.0,0.07134252952998947,0.0
1052,0.0,0.11708454139163732,0.0
1053,0.0,0.17034430703769218,0.0
1054,0.0,0.15915816401434207,0.0
1055,0.0,0.06259690073680846,0.0
1056,0.0,0.22257776456086018,0.0
1057,0.0,0.223247525175534,0.0
1058,0.0,0.08313730636645413,0.0
1059,0.0,0.10633109328695799,0.0
1060,0.0,0.3460008388595511,0.0
1061,0.0,0.0910355605831755,0.0
1062,0.0,0.06692327237956959,0.0
1063,0.0,0.17229046411395632,0.0
1064,0.0,0.16457966132245053,0.0
1065,0.0,0.12598846669470692,0.0
1066,0.0,0.10907674307457346,0.0
1067,0.0,0.18590654097399797,0.0
1068,0.0,0.13723958700819902,0.0
1069,0.0,0.07967030244530728,0.0
1070,0.0,0.18273319229221907,0.0
1071,0.0,0.1561497860523692,0.0
1072,0.0,0.07026317580813034,0.0
1073,0.0,0.07253046439732405,0.0
1074,0.0,0.14219114782296738,0.0
1075,0.0,0.09296404995477794,0.0
1076,0.0,0.07589833898322491,0.0
1077,0.0,0.1160999239179837,0.0
1078,0.0,0.08226268919035407,0.0
1079,0.0,0.07295393321036091,0.0
1080,0.0,0.07077021901656996,0.0
1081,0.0,0.12755073661703825,0.0
1082,0.0,0.0717141244433964,0.0
1083,0.0,0.07402776594305807,0.0
1084,0.0,0.0914531366286791,0.0
1085,0.0,0.11833655362388454,0.0
1086,0.0,0.0747504396364301,0.0
1087,0.0,0.07033121526916271,0.0
1088,0.0,0.06862983883703729,0.0
1089,0.0,0.0869199611086694,0.0
1090,0.0,0.07927164863051875,0.0
1091,0.0,0.07388959477436836,0.0
1092,0.0,0.075423195315441,0.0
1093,0.0,0.07689192663907604,0.0
1094,0.0,0.06883089111576642,0.0
1095,0.0,0.0757886252492793,0.0
1096,0.0,0.11597412575601937,0.0
1097,0.0,0.0751778229616113,0.0
1098,0.0,0.0744694103757378,0.0
1099,0.0,0.07645652350231355,0.0
1100,0.0,0.06270009294275032,0.0
1101,0.0,0.09958486527192613,0.0
1102,0.0,0.05809200331755681,0.0
1103,0.0,0.07336436750083251,0.0
1104,0.0,0.07048019348048598,0.0
1105,0.0,0.12445778262894622,0.0
1106,0.0,0.06813547171208499,0.0
1107,0.0,0.11025999630384999,0.0
1108,0.0,0.1200512642391361,0.0
1109,0.0,0.0741315861817786,0.0
1110,0.0,0.1532383277396285,0.0
1111,0.0,0.09159825544370971,0.0
1112,0.0,0.0572399329853044,0.0
1113,0.0,0.1237703620866731,0.0
1114,0.0,0.11914538448238716,0.0
1115,0.0,0.07245780790213979,0.0
1116,0.0,0.10139131504645718,0.0
1117,0.0,0.14753793942522964,0.0
1118,0.0,0.09607542268915154,0.0
1119,0.0,0.10577690466457346,0.0
1120,0.0,0.15806492793182475,0.0
1121,0.0,0.13287867534824963,0.0
1122,0.0,0.06347506739802536,0.0
1123,0.0,0.15569641630066525,0.0
1124,0.0,0.12772103713551355,0.0
1125,0.0,0.09770645385962275,0.0
1126,0.0,0.09108837573461531,0.0
1127,0.0,0.21375718945931466,0.0
1128,0.0,0.08267701691756896,0.0
1129,0.0,0.10721730523306405,0.0
1130,0.0,0.06167661946557727,0.0
1131,0.0,0.178567390297779,0.0
1132,0.0,0.11364656993740002,0.0
1133,0.0,0.1418277280566884,0.0
1134,0.0,0.11076699291090328,0.0
1135,0.0,0.07757302675679799,0.0
1136,0.0,0.07095888031733585,0.0
1137,0.0,0.09058795146098504,0.0
1138,0.0,0.10119284286314009,0.0
1139,0.0,0.06464156044289615,0.0
1140,0.0,0.07437359553944185,0.0
1141,0.0,0.1104362876480854,0.0
1142,0.0,0.07676933588122219,0.0
1143,0.0,0.09247140281050766,0.0
1144,0.0,0.10703558798817028,0.0
1145,0.0,0.09993113122107718,0.0
1146,0.0,0.07588952903956481,0.0
1147,0.0,0.1616326569975867,0.0
1148,0.0,0.10964894951438203,0.0
1149,0.0,0.08252087944138456,0.0
1150,0.0,0.0944257430358229,0.0
1151,0.0,0.0654332614743972,0.0
1152,0.0,0.0858558961091736,0.0
1153,0.0,0.09648179683541919,0.0
1154,0.0,0.08688463853434653,0.0
1155,0.0,0.10326982374524485,0.0
1156,0.0,0.10728034095461232,0.0
1157,0.0,0.07271938418368941,0.0
1158,0.0,0.0946170518598111,0.0
1159,0.0,0.1076581857768754,0.0
1160,0.0,0.10414710520875359,0.0
1161,0.0,0.10750544159967895,0.0
1162,0.0,0.10415205993568696,0.0
1163,0.0,0.10852685361079643,0.0
1164,0.0,0.07813340475742331,0.0
1165,0.0,0.08289566837803086,0.0
1166,0.0,0.11422782513604718,0.0
1167,0.0,0.06739752302986277,0.0
1168,0.0,0.06264198150327845,0.0
1169,0.0,0.07515128704877808,0.0
1170,0.0,0.08501767318278598,0.0
1171,0.0,0.06918144677656912,0.0
1172,0.0,0.12159898615298136,0.0
1173,0.0,0.06759742248848126,0.0
1174,0.0,0.07071385699794402,0.0
1175,0.0,0.07846324488817284,0.0
1176,0.0,0.11984740928037785,0.0
1177,0.0,0.08584752083077646,0.0
1178,0.0,0.11384476887563502,0.0
1179,0.0,0.11320711378814396,0.0
1180,0.0,0.08356924489779832,0.0
1181,0.0,0.14540259386115462,0.0
1182,0.0,0.10885382043573444,0.0
1183,0.0,0.06376755538242826,0.0
1184,0.0,0.12252115975950503,0.0
1185,0.0,0.10614399247627115,0.0
1186,0.0,0.11210196042505313,0.0
1187,0.0,0.13100844160137684,0.0
1188,0.0,0.14631166966234557,0.0
1189,0.0,0.09138995186975868,0.0
1190,0.0,0.07565341321747776,0.0
1191,0.0,0.12623877933142744,0.0
1192,0.0,0.0898713272501037,0.0
1193,0.0,0.09306338744624991,0.0
1194,0.0,0.10530177987892886,0.0
1195,0.0,0.1545903227401658,0.0
1196,0.0,0.07472319163755559,0.0
1197,0.0,0.10261657735388983,0.0
1198,0.0,0.09495376600449336,0.0
1199,0.0,0.07284645013582884,0.0
1200,0.0,0.08149483601788846,0.0
1201,0.0,0.07067463958622804,0.0
1202,0.0,0.08801276996294578,0.0
1203,0.0,0.08062964510108012,0.0
1204,0.0,0.0869078584563679,0.0
1205,0.0,0.08255074645292346,0.0
1206,0.0,0.08398675490697247,0.0
1207,0.0,0.06854272569226269,0.0
1208,0.0,0.07920009374649647,0.0
1209,0.0,0.07543335487970056,0.0
1210,0.0,0.07359554206075593,0.0
1211,0.0,0.07525434929094478,0.0
1212,0.0,0.06852495795650021,0.0
1213,0.0,0.08260064075483774,0.0
1214,0.0,0.08226550804122625,0.0
1215,0.0,0.0699610414117477,0.0
1216,0.0,0.0728837371208243,0.0
1217,0.0,0.06564005367953032,0.0
1218,0.0,0.09836764005830886,0.0
1219,0.0,0.06813298658163384,0.0
1220,0.0,0.05977416521177865,0.0
1221,0.0,0.10111834995444814,0.0
1222,0.0,0.07204930089820127,0.0
1223,0.0,0.0691009643247048,0.0
1224,0.0,0.07710124090607179,0.0
1225,0.0,0.0874889266422475,0.0
1226,0.0,0.08911969614257606,0.0
1227,0.0,0.08195057731014893,0.0
1228,0.0,0.07139014234626609,0.0
1229,0.0,0.07165087027562722,0.0
1230,0.0,0.06954289496879176,0.0
1231,0.0,0.0880425941571158,0.0
1232,0.0,0.0853682463031324,0.0
1233,0.0,0.06376677197538815,0.0
1234,0.0,0.06207731522292976,0.0
1235,0.0,0.10690303778531983,0.0
1236,0.0,0.09350222785648202,0.0
1237,0.0,0.0789500392374599,0.0
1238,0.0,0.1186560087658334,0.0
1239,0.0,0.12262876917076147,0.0
1240,0.0,0.08811832315715092,0.0
1241,0.0,0.12183928192193108,0.0
1242,0.0,0.10446765661288811,0.0
1243,0.0,0.07109835711283727,0.0
1244,0.0,0.10646071570016066,0.0
1245,0.0,0.1257487235565877,0.0
1246,0.0,0.09776114946736916,0.0
1247,0.0,0.1230854294988357,0.0
1248,0.0,0.15463238315785746,0.0
1249,0.0,0.07256973483008769,0.0
1250,0.0,0.07094324265276071,0.0
1251,0.0,0.12269968423911902,0.0
1252,0.0,0.10603428161009695,0.0
1253,0.0,0.11131650553996993,0.0
1254,0.0,0.10628230069535033,0.0
1255,0.0,0.07324629547350885,0.0
1256,0.0,0.07475546500757506,0.0
1257,0.0,0.08608860898125206,0.0
1258,0.0,0.06744905225520266,0.0
1259,0.0,0.08387577644586744,0.0
1260,0.0,0.14013312643378004,0.0
1261,0.0,0.06787695323130406,0.0
1262,0.0,0.10782248022785222,0.0
1263,0.0,0.08815241385006857,0.0
1264,0.0,0.06882665595371097,0.0
1265,0.0,0.08106513186784288,0.0
1266,0.0,0.09978047033972572,0.0
1267,0.0,0.06791100308478196,0.0
1268,0.0,0.08235758567152206,0.0
1269,0.0,0.07613481114098063,0.0
1270,0.0,0.1027732711096821,0.0
1271,0.0,0.06441620258829504,0.0
1272,0.0,0.09461569596675215,0.0
1273,0.0,0.06902358441247218,0.0
1274,0.0,0.09037265174382268,0.0
1275,0.0,0.09176732234999364,0.0
1276,0.0,0.07618605734043475,0.0
1277,0.0,0.1042012938563866,0.0
1278,0.0,0.08246786127814383,0.0
1279,0.0,0.08923444408111991,0.0
1280,0.0,0.09058388950424247,0.0
1281,0.0,0.07238698499101483,0.0
1282,0.0,0.13518052873609843,0.0
1283,0.0,0.08443053760909523,0.0
1284,0.0,0.07413619902032367,0.0
1285,0.0,0.10351993514143186,0.0
1286,0.0,0.07734508437803565,0.0
1287,0.0,0.07838246182725293,0.0
1288,0.0,0.0810681144492408,0.0
1289,0.0,0.08086832804701191,0.0
1290,0.0,0.10450072314926424,0.0
1291,0.0,0.09645383101674596,0.0
1292,0.0,0.10136044307611092,0.0
1293,0.0,0.08248894676822513,0.0
1294,0.0,0.08758549590558128,0.0
1295,0.0,0.08039800999302088,0.0
1296,0.0,0.1045953347908907,0.0
1297,0.0,0.09070765810951086,0.0
1298,0.0,0.07376495958461035,0.0
1299,0.0,0.07533957257731758,0.0
1300,0.0,0.08069767912788031,0.0
1301,0.0,0.08517706911588253,0.0
1302,0.0,0.07943283400133852,0.0
1303,0.0,0.12292399934146882,0.0
1304,0.0,0.12437103764455212,0.0
1305,0.0,0.09436710546005528,0.0
1306,0.0,0.17071657483791078,0.0
1307,0.0,0.09335832010873014,0.0
1308,0.0,0.11553864786023983,0.0
1309,0.0,0.09817838885477924,0.0
1310,0.0,0.11101869731749223,0.0
1311,0.0,0.13494295955898036,0.0
1312,0.0,0.08347682425968368,0.0
1313,0.0,0.1103610003336717,0.0
1314,0.0,0.07014993249577121,0.0
1315,0.0,0.08443136587226387,0.0
1316,0.0,0.0699871564075063,0.0
1317,0.0,0.10150868173119049,0.0
1318,0.0,0.07789102734546283,0.0
1319,0.0,0.13976445268233414,0.0
1320,0.0,0.12672429346018144,0.0
1321,0.0,0.09619916157574684,0.0
1322,0.0,0.14567724806215868,0.0
1323,0.0,0.12134200501470155,0.0
1324,0.0,0.07249136457995545,0.0
1325,0.0,0.17190767006158827,0.0
1326,0.0,0.08491391740558182,0.0
1327,0.0,0.07606367696542968,0.0
1328,0.0,0.09579389464880712,0.0
1329,0.0,0.11911085364586652,0.0
1330,0.0,0.08215965985881403,0.0
1331,0.0,0.09723963210942958,0.0
1332,0.0,0.07609748430986138,0.0
1333,0.0,0.0689662689844559,0.0
1334,0.0,0.08349928249403524,0.0
1335,0.0,0.14176055351717734,0.0
1336,0.0,0.07849358234152935,0.0
1337,0.0,0.11166920574648324,0.0
1338,0.0,0.1061729701322227,0.0
1339,0.0,0.07577987540005877,0.0
1340,0.0,0.11738727926494562,0.0
1341,0.0,0.07892456894434899,0.0
1342,0.0,0.09454213640781817,0.0
1343,0.0,0.10182298027732839,0.0
1344,0.0,0.08154376577977163,0.0
1345,0.0,0.097895186005278,0.0
1346,0.0,0.07558670582663038,0.0
1347,0.0,0.08139149445514633,0.0
1348,0.0,0.06884104564278157,0.0
1349,0.0,0.08365251034140671,0.0
1350,0.0,0.07713777449303742,0.0
1351,0.0,0.08573750816670081,0.0
1352,0.0,0.07704355603200438,0.0
1353,0.0,0.08561425851586459,0.0
1354,0.0,0.0777278328759117,0.0
1355,0.0,0.09706981914438545,0.0
1356,0.0,0.0999837046483542,0.0
1357,0.0,0.08214995149607006,0.0
1358,0.0,0.09126582265911502,0.0
1359,0.0,0.08401367794608845,0.0
1360,0.0,0.09035645071089944,0.0
1361,0.0,0.11908876341205306,0.0
1362,0.0,0.12992425554075063,0.0
1363,0.0,0.15622708862307497,0.0
1364,0.0,0.20131055006960677,0.0
1365,0.0,0.11495334128069853,0.0
1366,0.0,0.11273507526658787,0.0
1367,0.0,0.10374471344880251,0.0
1368,0.0,0.09134460032679614,0.0
1369,0.0,0.10938068876948298,0.0
1370,0.0,0.12267249967443111,0.0
1371,0.0,0.09530010990512719,0.0
1372,0.0,0.09016727480988897,0.0
1373,0.0,0.11041759649140281,0.0
1374,0.0,0.10261205022654635,0.0
1375,0.0,0.10351294419498958,0.0
1376,0.0,0.08429917165623985,0.0
1377,0.0,0.08585694206111082,0.0
1378,0.0,0.07237255456626855,0.0
1379,0.0,0.07160623987800444,0.0
1380,0.0,0.10038317677109843,0.0
1381,0.0,0.09235398689287681,0.0
1382,0.0,0.08770669232106465,0.0
1383,0.0,0.1005910337126993,0.0
1384,0.0,0.10022081323422499,0.0
1385,0.0,0.17287082618655608,0.0
1386,0.0,0.07393149013389558,0.0
1387,0.0,0.10988587862312788,0.0
1388,0.0,0.14819864651708198,0.0
1389,0.0,0.08214231057252179,0.0
1390,0.0,0.15776208433576241,0.0
1391,0.0,0.08744534728720053,0.0
1392,0.0,0.07969612913489382,0.0
1393,0.0,0.13848442917331477,0.0
1394,0.0,0.06571408573115095,0.0
1395,0.0,0.07172442735209446,0.0
1396,0.0,0.07832884730384436,0.0
1397,0.0,0.10090696002114578,0.0
1398,0.0,0.08191831276845743,0.0
1399,0.0,0.09870000264836569,0.0
1400,0.0,0.12167699965482631,0.0
1401,0.0,0.13285438516127032,0.0
1402,0.0,0.16453780655830758,0.0
1403,0.0,0.09660539518050194,0.0
1404,0.0,0.07545320735488212,0.0
1405,0.0,0.10347580010102031,0.0
1406,0.0,0.07909540885142087,0.0
1407,0.0,0.0744108901824494,0.0
1408,0.0,0.08481044893662346,0.0
1409,0.0,0.08670348668441662,0.0
1410,0.0,0.08081338064857965,0.0
1411,0.0,0.0838792602610227,0.0
1412,0.0,0.12934504048345863,0.0
1413,0.0,0.07536679022069072,0.0
1414,0.0,0.10746865500214796,0.0
1415,0.0,0.09513845153106043,0.0
1416,0.0,0.07960925281985305,0.0
1417,0.0,0.07986450974249738,0.0
1418,0.0,0.1108428243360267,0.0
1419,0.0,0.08429275240918818,0.0
1420,0.0,0.08022838866973904,0.0
1421,0.0,0.12654844028621356,0.0
1422,0.0,0.09464420892350778,0.0
1423,0.0,0.06748029353546398,0.0
1424,0.0,0.08798319739585461,0.0
1425,0.0,0.08385232578172551,0.0
1426,0.0,0.08313830014202268,0.0
1427,0.0,0.09524108306616717,0.0
1428,0.0,0.08903354112189218,0.0
1429,0.0,0.0988342901749231,0.0
1430,0.0,0.08187798872740817,0.0
1431,0.0,0.09609706665049073,0.0
1432,0.0,0.08450330681375362,0.0
1433,0.0,0.12450695893595635,0.0
1434,0.0,0.0869132906080511,0.0
1435,0.0,0.11440265530856733,0.0
1436,0.0,0.08512478673916603,0.0
1437,0.0,0.0806433083126504,0.0
1438,0.0,0.13919700513230798,0.0
1439,0.0,0.10322383014045065,0.0
1440,0.0,0.07777193950309017,0.0
1441,0.0,0.10563907760887299,0.0
1442,0.0,0.14862103060714418,0.0
1443,0.0,0.09000516785828751,0.0
1444,0.0,0.12373486163077838,0.0
1445,0.0,0.16779670109958733,0.0
1446,0.0,0.10220112482046019,0.0
1447,0.0,0.10426046979473377,0.0
1448,0.0,0.1634162730986939,0.0
1449,0.0,0.11958751880934149,0.0
1450,0.0,0.10587288820128883,0.0
1451,0.0,0.14703339152703399,0.0
1452,0.0,0.0817541925356627,0.0
1453,0.0,0.07777032397333851,0.0
1454,0.0,0.09185751060623898,0.0
1455,0.0,0.08169307496120871,0.0
1456,0.0,0.08638060694974761,0.0
1457,0.0,0.08844962965379531,0.0
1458,0.0,0.08127146247024139,0.0
1459,0.0,0.11341964773010567,0.0
1460,0.0,0.14399210326763956,0.0
1461,0.0,0.12046497387920999,0.0
1462,0.0,0.16847413881481363,0.0
1463,0.0,0.0945984518570461,0.0
1464,0.0,0.0931182681390958,0.0
1465,0.0,0.11335730138648241,0.0
1466,0.0,0.11231455552242657,0.0
1467,0.0,0.10893159647681933,0.0
1468,0.0,0.12027079923707464,0.0
1469,0.0,0.10543053625838845,0.0
1470,0.0,0.07913948303875155,0.0
1471,0.0,0.0877696220103587,0.0
1472,0.0,0.0725127032234348,0.0
1473,0.0,0.08078681808226044,0.0
1474,0.0,0.1094876911830796,0.0
1475,0.0,0.0754491853945613,0.0
1476,0.0,0.08387296502077707,0.0
1477,0.0,0.11223147337478336,0.0
1478,0.0,0.08400631376950682,0.0
1479,0.0,0.06941257514323314,0.0
1480,0.0,0.13644467731026835,0.0
1481,0.0,0.09427734500198154,0.0
1482,0.0,0.09390858944297019,0.0
1483,0.0,0.08870753513405866,0.0
1484,0.0,0.11239925774576891,0.0
1485,0.0,0.08574651933018432,0.0
1486,0.0,0.20223970616097486,0.0
1487,0.0,0.09825985625096115,0.0
1488,0.0,0.14101343062389468,0.0
1489,0.0,0.11394331138684585,0.0
1490,0.0,0.06994304229587932,0.0
1491,0.0,0.17361966628508774,0.0
1492,0.0,0.1264073997873403,0.0
1493,0.0,0.0909066427250766,0.0
1494,0.0,0.09417985676418364,0.0
1495,0.0,0.16645805295242544,0.0
1496,0.0,0.1056427621151139,0.0
1497,0.0,0.12558121141626172,0.0
1498,0.0,0.09688802385550613,0.0
1499,0.0,0.12245896065845034,0.0
1500,0.0,0.08329306137269271,0.0
1501,0.0,0.15800306953840246,0.0
1502,0.0,0.13264335066479227,0.0
1503,0.0,0.11682175406499971,0.0
1504,0.0,0.11221583378450482,0.0
1505,0.0,0.11609547302432634,0.0
1506,0.0,0.08808206430527687,0.0
1507,0.0,0.17618804244096095,0.0
1508,0.0,0.12345538307118196,0.0
1509,0.0,0.07332146742215322,0.0
1510,0.0,0.12710766521754213,0.0
1511,0.0,0.11022501072481436,0.0
1512,0.0,0.08531482348764488,0.0
1513,0.0,0.10412628534624528,0.0
1514,0.0,0.10553789128344974,0.0
1515,0.0,0.10790589173659092,0.0
1516,0.0,0.09948593918325459,0.0
1517,0.0,0.11541482984403086,0.0
1518,0.0,0.13429021004243744,0.0
1519,0.0,0.08651708439613517,0.0
1520,0.0,0.19464451615525022,0.0
1521,0.0,0.10012116861123384,0.0
1522,0.0,0.11012796446387105,0.0
1523,0.0,0.08371956969270067,0.0
1524,0.0,0.130012125722399,0.0
1525,0.0,0.0934181378886501,0.0
1526,0.0,0.16899513437840852,0.0
1527,0.0,0.16458961669865588,0.0
1528,0.0,0.10043888575208657,0.0
1529,0.0,0.09389942290353295,0.0
1530,0.0,0.18935192646108967,0.0
1531,0.0,0.08153660823238576,0.0
1532,0.0,0.11120053078308632,0.0
1533,0.0,0.09350685714442696,0.0
1534,0.0,0.10833307331462398,0.0
1535,0.0,0.08413230995140294,0.0
1536,0.0,0.10211399136476909,0.0
1537,0.0,0.08977007339295655,0.0
1538,0.0,0.11328360201468791,0.0
1539,0.0,0.10476221855817254,0.0
1540,0.0,0.10186483116432267,0.0
1541,0.0,0.07431526730345991,0.0
1542,0.0,0.07156414254454116,0.0
1543,0.0,0.07430327594891177,0.0
1544,0.0,0.08724151074434484,0.0
1545,0.0,0.0969322259167657,0.0
1546,0.0,0.08002714885924289,0.0
1547,0.0,0.1050093889599972,0.0
1548,0.0,0.10341759036956708,0.0
1549,0.0,0.07821623126863257,0.0
1550,0.0,0.08052799624988972,0.0
1551,0.0,0.08529213271197147,0.0
1552,0.0,0.08956172555806323,0.0
1553,0.0,0.0858106176857229,0.0
1554,0.0,0.12334988718150293,0.0
1555,0.0,0.08467167470627375,0.0
1556,0.0,0.07823583614595181,0.0
1557,0.0,0.13230117503947286,0.0
1558,0.0,0.11162782627487275,0.0
1559,0.0,0.08570057553690308,0.0
1560,0.0,0.09891446051223474,0.0
1561,0.0,0.11056092288533907,0.0
1562,0.0,0.12952082583938726,0.0
1563,0.0,0.1337402814537389,0.0
1564,0.0,0.18283214514481963,0.0
1565,0.0,0.08917687145700604,0.0
1566,0.0,0.08635148150414153,0.0
1567,0.0,0.0821444754896817,0.0
1568,0.0,0.08404690628661031,0.0
1569,0.0,0.08682005456426299,0.0
1570,0.0,0.11309464243877401,0.0
1571,0.0,0.09307302106411286,0.0
1572,0.0,0.07766832944502641,0.0
1573,0.0,0.08125766217221043,0.0
1574,0.0,0.11337810134314484,0.0
1575,0.0,0.086437491998451,0.0
1576,0.0,0.09385241215954837,0.0
1577,0.0,0.14547543377462988,0.0
1578,0.0,0.087586543071376,0.0
1579,0.0,0.09509614360343835,0.0
1580,0.0,0.13473516844405697,0.0
1581,0.0,0.08226397176048857,0.0
1582,0.0,0.089611193649626,0.0
1583,0.0,0.167732899334639,0.0
1584,0.0,0.07813393822963043,0.0
1585,0.0,0.11199597930015073,0.0
1586,0.0,0.07596672722965309,0.0
1587,0.0,0.07792831252804382,0.0
1588,0.0,0.1079061104751806,0.0
1589,0.0,0.12874088610499554,0.0
1590,0.0,0.1026456647734411,0.0
1591,0.0,0.07964632157829518,0.0
1592,0.0,0.0871748416155613,0.0
1593,0.0,0.21504338726342792,0.0
1594,0.0,0.08601599604281658,0.0
1595,0.0,0.1448968059377159,0.0
1596,0.0,0.128046208664614,0.0
1597,0.0,0.10934475414419095,0.0
1598,0.0,0.09630834721581995,0.0
1599,0.0,0.08314031394641648,0.0
