arm,width,seed,optimizer,val_f1,val_f1_best,theta_disp_abs,theta_disp_rel,mu_hat,C_hat,r_final,B_hat,B_p99,thm2_bound,diss_share_theta,egr_e1,egr_e5,egr_e20,egr_e60,jac_first,jac_last
frozen_pca,192,0,adamw,0.7379948939102934,0.7963594076265641,0.0,0.0,0.005999762489198251,0.8446964621543884,0.029013181291520557,32865.66400783254,7127.942147051311,3383130.818593401,0.999596109166724,0.6265226157975708,5.813465902022871,20.34277739114374,13.378390730615838,76.87438201904297,4710.5126953125
frozen_pca,192,1,adamw,0.7267614833001717,0.9321601213920312,0.0,0.0,0.0042871339748722995,0.7792865633964539,0.015563747957348752,59730.65488235181,6416.775740384747,4564624.5403437605,0.9997608762251625,0.49593180224419353,3.948693275367529,11.79044907456091,10.95084892272163,110.93109893798828,3516.678466796875
frozen_pca,192,2,adamw,0.7147362672283067,0.8572122296094298,0.0,0.0,0.004741492361181436,0.8043980002403259,0.018635736331343605,30654.14014572681,7790.487760871133,4976076.762708988,0.9995504659401702,0.9756141333343801,7.459073561471934,11.6139158831745,12.530690003437968,140.626220703125,8050.36865234375
frozen_pca,48,0,adamw,0.7342040965088115,0.7694298452767933,0.0,0.0,0.0031888865092774,0.697863906621933,0.015489831734448607,64229.02833706698,7155.743519109055,5963004.920068509,0.9992885953894363,0.1806740467965283,3.4445664318219875,10.845382826757621,7.507968484464332,36.351356506347656,3293.513427734375
frozen_pca,48,1,adamw,0.7289123609768057,0.7472803964339623,0.0,0.0,0.0068047347293062116,0.8236467242240906,0.01345214189961548,44927.117848233625,9716.316485199208,4839042.149833202,0.999282163963923,0.39366678225047674,3.528057728459257,10.46938341107964,7.732688233879208,35.509315490722656,5714.580078125
frozen_pca,48,2,adamw,0.7289423281625096,0.7892968598378594,0.0,0.0,0.002594024245445281,0.7900402545928955,0.01383006369695062,46519.3590498389,6438.614799345052,7932532.028645687,0.9985717484756779,0.7921693339273177,4.385165743462419,9.60867240655936,7.273002199526503,57.924652099609375,25934.775390625
frozen_pca,48,0,sgd,0.4042795301737411,0.7764967223867223,0.0,0.0,0.0,0.6726779341697693,0.511526038646698,283.5600369974458,133.91208875751687,,0.7714097103135303,0.1372698716662952,0.30270399606996323,0.6410965062318479,0.5580707616732602,9.21585178375244,140.70326232910156
frozen_pca,48,1,sgd,0.5665504074943252,0.6591691173800199,0.0,0.0,0.0001878686432921364,0.8130905628204346,0.5301525557041168,56.21499111000727,25.296097502591188,46822.51573132656,0.20529664844167447,0.11210087676873885,0.1649756817346513,0.5153123092410737,0.2968730507519546,8.571435928344727,170.57212829589844
frozen_pca,48,2,sgd,0.35265203336314105,0.6499010705167361,0.0,0.0,4.7811232503972984e-05,0.8091753125190735,0.5564014500379563,53.85757429321653,20.994908099267,133078.5592203873,0.1498752264718679,0.11239167782685605,0.17197055531504857,0.1300449734457522,0.44645806343845773,6.882955551147461,179.46224975585938
frozen_random,192,0,adamw,0.7213475063791578,0.8119669784066111,0.0,0.0,0.0009284899410770861,0.7223419547080994,0.08091896727681157,1197.681365956803,546.791964978646,931201.1881062291,0.9892622514346886,0.839873954015876,2.390187062247123,5.453175326846831,8.52530952378256,5.425578594207764,253.86331176757807
frozen_random,192,1,adamw,0.7147876348091399,0.8357655682870131,0.0,0.0,0.0020153812531675166,0.8363878130912781,0.039309504926204615,655.1865677742705,353.9744794632432,449165.9264375377,0.9745757624905087,0.7627482243301396,1.7878344473126302,3.8204277316131297,5.438889428842508,5.501448154449463,123.39575958251952
frozen_random,192,2,adamw,0.7568193873631476,0.8024777841287946,0.0,0.0,0.0013700265242018912,0.7790309190750122,0.07622026041150089,607.5581970605663,292.4049957517841,386478.8667564824,0.9633510700100031,0.6079305315638793,2.2946975135283507,2.582788731792147,4.187933442076645,8.02851390838623,154.00650024414062
frozen_random,192,0,sgd,0.4485091269571976,0.6544836152816157,0.0,0.0,0.0001157931376080789,0.7393744587898254,0.43585061848163603,234.5607618352919,101.65021246990712,343035.4164550594,0.910117979252638,0.8507846570691272,1.5994834809484262,1.6887698352851146,4.6522825839793445,3.823190212249756,8.447821617126465
frozen_random,192,1,sgd,0.47262847646261585,0.6544850982354006,0.0,0.0,0.00013638569413081057,0.8559991121292114,0.5307209014892578,216.3120238645319,83.6306649482326,250915.7848060867,0.881710418549701,0.7119164223387171,1.4723316109191997,2.3557790498253794,2.253463370633658,3.686999320983887,6.095194816589356
frozen_random,192,2,sgd,0.589173134019418,0.6609908871724042,0.0,0.0,0.0001493196604016353,0.7502105236053467,0.5096147537231446,178.7401582402726,78.02372260523255,151588.2924912376,0.849145610101697,0.7259036410793489,1.3542613572351452,1.5382825274230365,3.8106942770909216,3.1854076385498047,10.755127906799316
frozen_random,48,0,adamw,0.719180843084789,0.853600284101088,0.0,0.0,0.0012006694181724105,0.7316969633102417,0.08469000376760955,826.7914956294586,429.027450809393,563788.1426664973,0.9830919446222532,0.9937526391557446,1.9442567365403831,7.063296316553112,6.9935462538019,1.6101938486099243,205.2179718017578
frozen_random,48,1,adamw,0.6231211941750735,0.8549615211392796,0.0,0.0,0.001086548939556293,0.7565439343452454,0.1465335208177566,711.6628143106662,356.2081546908749,407128.3055041217,0.9724779909626748,0.8832434273797292,1.3220035698135832,4.464226283043574,4.819998024112714,2.306187152862549,223.5560302734375
frozen_random,48,2,adamw,0.6006538094419612,0.8103373886921924,0.0,0.0,0.0006021473395890797,0.7594009041786194,0.06854386687278745,873.6876542579887,467.82825883767316,1418992.0607259006,0.971362717859092,0.7669261298911565,1.7954838652083112,3.689524140618712,5.407222298876662,1.8822360038757324,249.93191528320312
frozen_random,48,0,sgd,0.45480083311309033,0.6368654988024409,0.0,0.0,0.00011401786809336117,0.6998167037963867,0.42862734019756316,523.200796130331,145.24885256723508,437043.32892386126,0.9514257647955434,1.0543238078549777,2.2741926848632827,2.6024507922841575,4.380834382573562,3.519355297088623,11.648326873779297
frozen_random,48,1,sgd,0.5537489461396813,0.6623988736807389,0.0,0.0,0.00011112397145245506,0.7452297806739807,0.5050243985652924,414.92869214503844,137.04605184776227,357597.45821555017,0.9306483696630145,0.9541601002557677,1.7686482614396417,1.6928296809525287,4.329674618920508,4.306896686553955,9.154715538024902
frozen_random,48,2,sgd,0.5229304860870784,0.6613985205820375,0.0,0.0,0.00021670278954845622,0.7747679948806763,0.45114102840423587,193.29185509127134,77.46819232592237,149780.1046156843,0.8429513870799829,1.0560689278066313,1.6359669254564828,2.350048634568374,3.1089955324997653,4.057673454284668,9.833436965942385
joint_linear,192,0,adamw,0.5979891788145013,0.8957342330217847,2.475140280165125,0.5373227573741138,0.001508683054007822,0.7031295895576477,0.06221106380224221,1017.9618873877693,331.67255471996026,374852.2632970736,0.9581417604250763,0.7146475692048853,3.9244805217216836,3.4174894327596625,4.794143981622776,4.312383651733398,188.35015869140625
joint_linear,192,1,adamw,0.6979404821276403,0.7930360086988189,2.5439911783526257,0.5507688528165194,0.0017380135564594333,0.8238462805747986,0.03303310737013815,750.586455148804,253.46882005083788,386453.78607875825,0.9384320897042543,0.6967758882402527,1.5710343926945975,2.498896760794474,4.1878901165939855,7.171597480773926,51.820682525634766
joint_linear,192,2,adamw,0.6415319712700455,0.8847837689457478,2.5564816248366227,0.5546124650752019,0.0024968614167145873,0.7660003304481506,0.05120236605405804,537.4131919578587,268.68027244062176,222998.16016750448,0.9364407730420556,0.5994110829757123,1.3404428540601796,2.8889085399057484,3.0768425793318106,3.0326805114746094,414.0848388671875
joint_linear,192,0,sgd,0.43504202339123077,0.6707227305202179,1.5940348052821214,0.34604550852663485,6.118006008319164e-05,0.7282137274742126,0.4027912777662277,42.59853367882915,18.448352143241635,130034.14401375435,0.25350262584409755,0.5906365124299889,0.40890752476040304,0.32737207298616733,0.5638272585718814,2.4304449558258057,14.089494705200195
joint_linear,192,1,sgd,0.38140556284563437,0.6534398077737772,1.5539782262435684,0.3364330868176403,0.00015142886666111375,0.850728452205658,0.5170997685194015,39.756878870986775,16.938041512212394,47375.109883957804,0.2571036932607234,0.5919551944497603,0.3179944504325867,0.5161547223652019,0.5309160155482361,2.0086238384246826,15.270147323608398
joint_linear,192,2,sgd,0.5235640451504995,0.67992187944432,1.5444284222520983,0.3350539452643949,6.0675063228490644e-05,0.723156213760376,0.44777002930641174,40.31947299870212,19.165455346964432,109493.83605851464,0.23402706101030382,0.541888536043504,0.4913556286507311,0.4607239688788694,0.6861491152347646,1.665013074874878,28.99740028381348
joint_linear,48,0,adamw,0.48934379049682414,0.8391449532255908,2.544293444832393,0.5523350657341408,0.0006034888975174764,0.6906064748764038,0.10553400784730908,508.04268577763474,265.3080738301361,570337.0177491361,0.9560042147531977,0.8279896072452837,2.245597248001866,5.530373849681454,3.5980287667300614,1.5762379169464111,89.56692504882812
joint_linear,48,1,adamw,0.4922420364991167,0.8939159402651395,2.954893853376419,0.6397284360367111,0.00046653136765115687,0.7131208777427673,0.09959917619824403,272.75036050068445,168.85848651944528,508089.1980845994,0.9238626801641596,0.815103429454439,1.077634725022958,2.4101326975189945,4.479282422273441,1.7767654657363892,71.84245300292969
joint_linear,48,2,adamw,0.6328976174954792,0.8853321144993779,2.755041885425389,0.5976888535464657,0.0007334180531196232,0.7270588874816895,0.10300695598125455,484.6407180328975,299.5221620979132,580254.3397367102,0.9568915127544956,0.7332528701717553,1.4934855650148233,3.3634270306554295,4.641060474746904,1.3881688117980957,128.07984924316406
joint_linear,48,0,sgd,0.5870433061727361,0.6449417442659053,1.699967423295556,0.36904218748781276,0.0001164364198661289,0.7078081369400024,0.3849333912134171,42.86926124517682,19.16453815284662,70960.33033686261,0.2703421454199018,0.7789923397038787,0.4534850931151879,0.3772991919945699,0.5732183866677181,2.1537792682647705,12.47602653503418
joint_linear,48,1,sgd,0.4522716538445753,0.6594177654127715,1.7209137215060333,0.3725742778730288,0.00010033735695771165,0.7258463501930237,0.4861367565393448,42.7533492610916,22.113188819514953,64122.95746047912,0.26864535437954296,0.743535215442584,0.48081871756815686,0.34969744512085044,0.6467563994371259,3.227210521697998,16.282073974609375
joint_linear,48,2,sgd,0.5759947096603895,0.6619777251369825,1.6356859977527884,0.35485169714867004,0.0002160173661407593,0.7586454749107361,0.42557193160057066,36.401919158524024,19.28198055585228,39147.61031870405,0.27146166406717465,0.6987858498915673,0.45484268165170594,0.4206299541553282,0.8099965810594343,2.178809881210327,14.053955078125
joint_mlp,192,0,adamw,0.6560158264598043,0.8970769982419478,13.368023407512634,0.9637088132657196,0.001632139443096174,0.8304435014724731,0.08993273794651024,767.3188383999949,135.34859209006473,153082.6886925535,0.8997511715114205,0.0516319792957543,0.5597829512275451,0.9760267953664215,1.5955316628754241,1.080405831336975,11559.419921875
joint_mlp,192,1,adamw,0.7041695713050233,0.8963285490943473,12.902930662054263,0.9308917648560041,0.0011944073816451005,0.8333417773246765,0.07351538330316539,160.0298937256394,79.56399841845908,134780.4391195239,0.7610911575892756,0.03889426609491665,1.053783825180682,1.4507880150365229,1.217351828526952,0.9882529973983764,15229.0634765625
joint_mlp,192,2,adamw,0.36470117782522365,0.8983156184435702,13.063116295278196,0.9423081758113506,0.0005580515949860886,0.8561557531356812,0.16424969643354412,328.5446920074949,120.76997647489934,305915.476097248,0.8191426394284084,0.07671282780274415,0.563107706305986,2.2962550008553135,1.5442758478179524,2.440325260162353,12604.8583984375
joint_mlp,48,0,adamw,0.5466746401665519,0.8993804606917061,11.965654380521578,0.8620484645955422,0.0006359462178680436,0.7772877216339111,0.07164405100047584,428.6907187155844,130.52614870004183,380350.06402044796,0.8555426572945832,0.1679859952709202,0.37446209675422376,1.2175550396250028,1.733014059181395,1.3276681900024414,10135.60546875
joint_mlp,48,1,adamw,0.6437967059783625,0.8998969385840334,12.025064621209996,0.8674600664381944,0.0,0.7797301411628723,0.07304859638214106,295.412079748809,109.04750223597267,,0.7957554464976495,0.1246678352954991,0.27987572113272363,1.124192240634741,1.3356860248067899,2.1091461181640625,13890.3427734375
joint_mlp,48,2,adamw,0.5067791684197862,0.9000522500328778,11.808417063929014,0.8523162374669596,0.0012568177130215894,0.838875949382782,0.09830717295408245,213.23170583989696,123.21507596449965,176322.26749170167,0.8394597794980064,0.11837392546124866,0.24556885655384597,1.9192994717392127,1.5858147018140585,2.0499181747436523,7137.72265625
