dataset,block,seed,batch,rank,eigenvalue
breast,theta,0,0,1,386.27440360022894
breast,theta,0,0,2,274.1312468488736
breast,theta,0,0,3,232.48713810444772
breast,theta,0,0,4,99.97867293813309
breast,theta,0,0,5,92.05454246665887
breast,theta,0,0,6,84.4851870776863
breast,theta,0,0,7,77.35749600619688
breast,theta,0,0,8,67.9276126494718
breast,theta,0,0,9,53.47694934254044
breast,theta,0,0,10,50.48084226228557
breast,theta,0,0,11,47.87590041051074
breast,theta,0,0,12,41.872050181541326
breast,theta,0,0,13,39.870592212070235
breast,theta,0,0,14,35.70538469834895
breast,theta,0,0,15,33.94325566227464
breast,theta,0,0,16,31.94989747073198
breast,theta,0,0,17,29.804091405449704
breast,theta,0,0,18,28.881870826116252
breast,theta,0,0,19,28.369389792870145
breast,theta,0,0,20,27.181043567930516
breast,theta,0,0,21,25.177955890273246
breast,theta,0,0,22,23.980031802425003
breast,theta,0,0,23,22.662005127143587
breast,theta,0,0,24,21.622767413873685
breast,theta,0,0,25,20.431781969029714
breast,theta,0,0,26,19.457062421912863
breast,theta,0,0,27,18.45716813968655
breast,theta,0,0,28,17.621242615487073
breast,theta,0,0,29,17.0348041044205
breast,theta,0,0,30,16.192546891064637
breast,theta,0,0,31,15.971196738859915
breast,theta,0,0,32,15.654139910598795
breast,theta,0,0,33,15.172461781877791
breast,theta,0,0,34,14.941594626591069
breast,theta,0,0,35,14.230796055353697
breast,theta,0,0,36,13.706071295860616
breast,theta,0,0,37,13.337364910471292
breast,theta,0,0,38,12.905878205600679
breast,theta,0,0,39,12.320790004944117
breast,theta,0,0,40,11.870384422550412
breast,phi,0,0,1,175.20535039064822
breast,phi,0,0,2,118.64025909359657
breast,phi,0,0,3,73.51308087672956
breast,phi,0,0,4,45.890180527068864
breast,phi,0,0,5,43.55795859726865
breast,phi,0,0,6,38.38838528117047
breast,phi,0,0,7,37.54410456026672
breast,phi,0,0,8,34.96831794585058
breast,phi,0,0,9,31.906534622947092
breast,phi,0,0,10,29.176397181853762
breast,phi,0,0,11,28.44324590690125
breast,phi,0,0,12,24.957850294721958
breast,phi,0,0,13,23.58879759178462
breast,phi,0,0,14,22.086909116600225
breast,phi,0,0,15,19.40512933679321
breast,theta,0,1,1,466.4506876584097
breast,theta,0,1,2,303.6183149959993
breast,theta,0,1,3,206.91381217310024
breast,theta,0,1,4,133.07041858187924
breast,theta,0,1,5,127.98842899655433
breast,theta,0,1,6,106.80169198366518
breast,theta,0,1,7,87.57676796346928
breast,theta,0,1,8,80.86532802041259
breast,theta,0,1,9,71.32723797951992
breast,theta,0,1,10,58.3161373298933
breast,theta,0,1,11,52.57877910876975
breast,theta,0,1,12,49.671340555696325
breast,theta,0,1,13,47.45830930115259
breast,theta,0,1,14,44.318713233065374
breast,theta,0,1,15,39.930864492232544
breast,theta,0,1,16,38.344490402243636
breast,theta,0,1,17,35.306150163081035
breast,theta,0,1,18,34.08650449194451
breast,theta,0,1,19,32.65969590774866
breast,theta,0,1,20,32.17890838506133
breast,theta,0,1,21,31.10806351805588
breast,theta,0,1,22,29.353864457270753
breast,theta,0,1,23,28.862803243940885
breast,theta,0,1,24,26.602261752534822
breast,theta,0,1,25,25.780486677319132
breast,theta,0,1,26,24.55042990565221
breast,theta,0,1,27,22.965728442056736
breast,theta,0,1,28,20.96617092587767
breast,theta,0,1,29,20.80420202155993
breast,theta,0,1,30,20.286713221525847
breast,theta,0,1,31,19.56219210958976
breast,theta,0,1,32,19.332995053349585
breast,theta,0,1,33,18.98138506272849
breast,theta,0,1,34,17.395420574436358
breast,theta,0,1,35,16.977640979734268
breast,theta,0,1,36,16.765373704374294
breast,theta,0,1,37,16.118425829520923
breast,theta,0,1,38,15.8397910922538
breast,theta,0,1,39,15.502048076888515
breast,theta,0,1,40,14.934810842523353
breast,phi,0,1,1,168.15812881117787
breast,phi,0,1,2,123.12684365367963
breast,phi,0,1,3,70.17745856892101
breast,phi,0,1,4,66.26623112675988
breast,phi,0,1,5,65.31058250158704
breast,phi,0,1,6,53.362931976962095
breast,phi,0,1,7,49.213105296374785
breast,phi,0,1,8,45.68235958154245
breast,phi,0,1,9,43.27108898076938
breast,phi,0,1,10,42.49331785182635
breast,phi,0,1,11,39.85419751613226
breast,phi,0,1,12,36.801386537339866
breast,phi,0,1,13,34.14824556590311
breast,phi,0,1,14,30.10843879300712
breast,phi,0,1,15,26.88130982212396
breast,theta,0,2,1,457.76672462938785
breast,theta,0,2,2,343.3095121094834
breast,theta,0,2,3,296.9929148271756
breast,theta,0,2,4,162.15573123315323
breast,theta,0,2,5,146.8422079792658
breast,theta,0,2,6,127.72950825994388
breast,theta,0,2,7,102.581273909521
breast,theta,0,2,8,94.85847577704403
breast,theta,0,2,9,78.59821864907711
breast,theta,0,2,10,67.97227163995906
breast,theta,0,2,11,60.12584816974857
breast,theta,0,2,12,53.25342232672904
breast,theta,0,2,13,47.69878526785728
breast,theta,0,2,14,44.510337629241675
breast,theta,0,2,15,40.349779959777884
breast,theta,0,2,16,38.909507561325
breast,theta,0,2,17,36.68473006177684
breast,theta,0,2,18,35.858753697764314
breast,theta,0,2,19,33.16151983685501
breast,theta,0,2,20,32.01724306458338
breast,theta,0,2,21,30.05146156293754
breast,theta,0,2,22,28.348131327403657
breast,theta,0,2,23,27.86002809094322
breast,theta,0,2,24,27.09785503192339
breast,theta,0,2,25,25.945764454580626
breast,theta,0,2,26,24.64851861114234
breast,theta,0,2,27,23.054434551071353
breast,theta,0,2,28,22.656152147187374
breast,theta,0,2,29,21.74736781828833
breast,theta,0,2,30,21.390608495332966
breast,theta,0,2,31,19.97479885012772
breast,theta,0,2,32,19.539699294151717
breast,theta,0,2,33,19.321967426776506
breast,theta,0,2,34,18.307300752275427
breast,theta,0,2,35,17.923141377766683
breast,theta,0,2,36,17.642930631210824
breast,theta,0,2,37,17.020130490753793
breast,theta,0,2,38,16.025309214373568
breast,theta,0,2,39,15.799603714295412
breast,theta,0,2,40,15.153278909372757
breast,phi,0,2,1,167.80542565997763
breast,phi,0,2,2,125.384226726025
breast,phi,0,2,3,82.48592697819065
breast,phi,0,2,4,80.91410845347353
breast,phi,0,2,5,78.69876015460274
breast,phi,0,2,6,60.804231692454195
breast,phi,0,2,7,55.06710430694414
breast,phi,0,2,8,48.96184087991253
breast,phi,0,2,9,47.28827766847136
breast,phi,0,2,10,43.816000451371
breast,phi,0,2,11,38.016676317026274
breast,phi,0,2,12,34.27491211244696
breast,phi,0,2,13,32.57296861408781
breast,phi,0,2,14,30.46827217414658
breast,phi,0,2,15,27.728695703649297
breast,theta,0,3,1,407.2346743307135
breast,theta,0,3,2,315.3740216536792
breast,theta,0,3,3,276.14457420586024
breast,theta,0,3,4,140.94607802007656
breast,theta,0,3,5,112.69231772566192
breast,theta,0,3,6,103.04331452747336
breast,theta,0,3,7,94.82936996402113
breast,theta,0,3,8,87.42450082356915
breast,theta,0,3,9,77.62565332037259
breast,theta,0,3,10,61.788137232935526
breast,theta,0,3,11,51.72412502532123
breast,theta,0,3,12,50.76007504270372
breast,theta,0,3,13,47.43489382806271
breast,theta,0,3,14,45.62951353356975
breast,theta,0,3,15,43.788983841205166
breast,theta,0,3,16,40.32899522926894
breast,theta,0,3,17,36.99763682152826
breast,theta,0,3,18,34.31247855870325
breast,theta,0,3,19,31.58487119162422
breast,theta,0,3,20,30.71551646474383
breast,theta,0,3,21,29.454504365939368
breast,theta,0,3,22,28.987756815499054
breast,theta,0,3,23,26.278840652650576
breast,theta,0,3,24,25.72892348844212
breast,theta,0,3,25,23.290584206535137
breast,theta,0,3,26,23.042005207292465
breast,theta,0,3,27,22.038371273561747
breast,theta,0,3,28,21.71564926536067
breast,theta,0,3,29,20.44204321929887
breast,theta,0,3,30,19.999531632610324
breast,theta,0,3,31,19.666323165181417
breast,theta,0,3,32,19.036572367891083
breast,theta,0,3,33,18.678988163866325
breast,theta,0,3,34,17.94425143218851
breast,theta,0,3,35,17.369945839453028
breast,theta,0,3,36,17.039900125960372
breast,theta,0,3,37,16.46140572694455
breast,theta,0,3,38,15.853476712602156
breast,theta,0,3,39,15.70141161732439
breast,theta,0,3,40,15.388079800016543
breast,phi,0,3,1,177.14501914279077
breast,phi,0,3,2,119.5141853061995
breast,phi,0,3,3,71.37439104645183
breast,phi,0,3,4,68.22153544934888
breast,phi,0,3,5,64.53595402437783
breast,phi,0,3,6,50.48466452586688
breast,phi,0,3,7,50.15358599236983
breast,phi,0,3,8,47.89220050176375
breast,phi,0,3,9,44.59323996568358
breast,phi,0,3,10,37.94662795969166
breast,phi,0,3,11,36.72020127725438
breast,phi,0,3,12,33.18569326402191
breast,phi,0,3,13,32.246586056018685
breast,phi,0,3,14,28.45602234856466
breast,phi,0,3,15,27.128416320519683
breast,theta,1,0,1,705.3091662486086
breast,theta,1,0,2,326.60129149274553
breast,theta,1,0,3,164.22806125586666
breast,theta,1,0,4,146.91218713974817
breast,theta,1,0,5,101.42118354045604
breast,theta,1,0,6,86.6521454116651
breast,theta,1,0,7,81.20788870233957
breast,theta,1,0,8,71.83251615466756
breast,theta,1,0,9,66.80940303503802
breast,theta,1,0,10,51.491618257270325
breast,theta,1,0,11,51.163675442678176
breast,theta,1,0,12,44.67243116165261
breast,theta,1,0,13,39.468008379540414
breast,theta,1,0,14,38.22998181446578
breast,theta,1,0,15,34.519652176821474
breast,theta,1,0,16,32.340199210409736
breast,theta,1,0,17,29.93724889593599
breast,theta,1,0,18,28.79744290178393
breast,theta,1,0,19,27.805341209658327
breast,theta,1,0,20,26.355858809092247
breast,theta,1,0,21,24.00918109190457
breast,theta,1,0,22,21.672898780000565
breast,theta,1,0,23,20.980736194940867
breast,theta,1,0,24,20.1959340572356
breast,theta,1,0,25,18.466437748464244
breast,theta,1,0,26,17.818972934898277
breast,theta,1,0,27,17.55208334264991
breast,theta,1,0,28,17.260235879092686
breast,theta,1,0,29,16.160890192637364
breast,theta,1,0,30,15.599034869981915
breast,theta,1,0,31,14.794521811253205
breast,theta,1,0,32,13.91591968193868
breast,theta,1,0,33,13.637246161086281
breast,theta,1,0,34,12.761615320825916
breast,theta,1,0,35,12.343448526953223
breast,theta,1,0,36,12.178688512196532
breast,theta,1,0,37,10.681019746712579
breast,theta,1,0,38,10.464991295590053
breast,theta,1,0,39,9.912872309027703
breast,theta,1,0,40,9.844857060565394
breast,phi,1,0,1,186.76935887804424
breast,phi,1,0,2,128.94102507196766
breast,phi,1,0,3,86.96303485202084
breast,phi,1,0,4,50.340563971888734
breast,phi,1,0,5,44.412542708841926
breast,phi,1,0,6,40.59609700361044
breast,phi,1,0,7,35.7519720206356
breast,phi,1,0,8,33.11383298180243
breast,phi,1,0,9,30.498900125877178
breast,phi,1,0,10,29.08735949904869
breast,phi,1,0,11,26.063039425377998
breast,phi,1,0,12,25.009324006382016
breast,phi,1,0,13,23.69548514211847
breast,phi,1,0,14,21.70774679674911
breast,phi,1,0,15,20.3315942455917
breast,theta,1,1,1,792.1264555815786
breast,theta,1,1,2,338.55395155746737
breast,theta,1,1,3,259.4926217803484
breast,theta,1,1,4,187.55925480707361
breast,theta,1,1,5,141.43541220960637
breast,theta,1,1,6,116.11618725383121
breast,theta,1,1,7,95.68494354922086
breast,theta,1,1,8,90.03954937154448
breast,theta,1,1,9,80.69499110207084
breast,theta,1,1,10,76.333764667037
breast,theta,1,1,11,71.63203475775607
breast,theta,1,1,12,61.85963855038302
breast,theta,1,1,13,58.22542069988807
breast,theta,1,1,14,56.938170064400346
breast,theta,1,1,15,52.64211118404084
breast,theta,1,1,16,51.2403828751439
breast,theta,1,1,17,50.216465256620694
breast,theta,1,1,18,48.06213077083767
breast,theta,1,1,19,43.410720439343024
breast,theta,1,1,20,41.442828639085064
breast,theta,1,1,21,38.71902156796339
breast,theta,1,1,22,37.67274127470727
breast,theta,1,1,23,34.77046934695811
breast,theta,1,1,24,31.212193903529606
breast,theta,1,1,25,29.910366524663527
breast,theta,1,1,26,28.24303341458795
breast,theta,1,1,27,25.927364050157927
breast,theta,1,1,28,23.847958135554894
breast,theta,1,1,29,22.70346006280171
breast,theta,1,1,30,21.904276460287363
breast,theta,1,1,31,20.296216504555915
breast,theta,1,1,32,19.312548320100568
breast,theta,1,1,33,18.701752712422746
breast,theta,1,1,34,17.82656253400433
breast,theta,1,1,35,17.396083760308066
breast,theta,1,1,36,15.906010885985376
breast,theta,1,1,37,15.567039358362793
breast,theta,1,1,38,14.916350030836801
breast,theta,1,1,39,14.775569581522635
breast,theta,1,1,40,14.088095270527884
breast,phi,1,1,1,196.8862701315954
breast,phi,1,1,2,134.5532179168743
breast,phi,1,1,3,91.27851661636409
breast,phi,1,1,4,61.28967163824634
breast,phi,1,1,5,58.089560013745796
breast,phi,1,1,6,54.05042729471984
breast,phi,1,1,7,45.35809826615364
breast,phi,1,1,8,43.12651620642601
breast,phi,1,1,9,40.31486319912749
breast,phi,1,1,10,36.642438060485766
breast,phi,1,1,11,34.72665476199972
breast,phi,1,1,12,33.21909070761169
breast,phi,1,1,13,30.99525868144429
breast,phi,1,1,14,29.71234834713228
breast,phi,1,1,15,25.722771445110265
breast,theta,1,2,1,832.2102857206831
breast,theta,1,2,2,404.2536520256183
breast,theta,1,2,3,325.01806243205755
breast,theta,1,2,4,194.8322366585208
breast,theta,1,2,5,148.22331668857123
breast,theta,1,2,6,117.82627978242067
breast,theta,1,2,7,112.68585212947828
breast,theta,1,2,8,107.43202139454786
breast,theta,1,2,9,82.36732464357894
breast,theta,1,2,10,76.87616315383363
breast,theta,1,2,11,70.63725829809376
breast,theta,1,2,12,65.73802637220012
breast,theta,1,2,13,61.16530969811414
breast,theta,1,2,14,56.480328388797396
breast,theta,1,2,15,54.49037751192739
breast,theta,1,2,16,51.822266520496115
breast,theta,1,2,17,47.71411157444495
breast,theta,1,2,18,45.361840705622804
breast,theta,1,2,19,42.75085575061103
breast,theta,1,2,20,41.08625414278528
breast,theta,1,2,21,39.03346584828238
breast,theta,1,2,22,34.882111508735846
breast,theta,1,2,23,33.6665361006901
breast,theta,1,2,24,30.884641186909118
breast,theta,1,2,25,28.170411106254786
breast,theta,1,2,26,27.2134206536364
breast,theta,1,2,27,25.991804018437435
breast,theta,1,2,28,24.50375047369306
breast,theta,1,2,29,24.154097027356006
breast,theta,1,2,30,22.298245357414707
breast,theta,1,2,31,21.048622150940552
breast,theta,1,2,32,19.19977387869352
breast,theta,1,2,33,18.158010175614873
breast,theta,1,2,34,17.92865573493057
breast,theta,1,2,35,16.70157887373768
breast,theta,1,2,36,16.214436377501542
breast,theta,1,2,37,15.490001443008747
breast,theta,1,2,38,15.066840256320697
breast,theta,1,2,39,14.721341298614126
breast,theta,1,2,40,14.184775456683354
breast,phi,1,2,1,191.57703220655262
breast,phi,1,2,2,133.63423918308428
breast,phi,1,2,3,91.87494507229493
breast,phi,1,2,4,68.50840812548202
breast,phi,1,2,5,62.6157827190523
breast,phi,1,2,6,53.88240353900105
breast,phi,1,2,7,46.10443299961804
breast,phi,1,2,8,44.243078901859654
breast,phi,1,2,9,40.63653198642174
breast,phi,1,2,10,39.16874154054284
breast,phi,1,2,11,35.9457608822869
breast,phi,1,2,12,35.062028187171144
breast,phi,1,2,13,33.24873868720579
breast,phi,1,2,14,30.175856697037748
breast,phi,1,2,15,27.49087620621284
breast,theta,1,3,1,728.0482487445897
breast,theta,1,3,2,351.68584379248244
breast,theta,1,3,3,234.50186054444583
breast,theta,1,3,4,185.38258927364322
breast,theta,1,3,5,148.0080676077389
breast,theta,1,3,6,104.74705119017422
breast,theta,1,3,7,103.85933850477409
breast,theta,1,3,8,96.49668567370726
breast,theta,1,3,9,81.5408781853649
breast,theta,1,3,10,76.66294580796982
breast,theta,1,3,11,70.14228548161165
breast,theta,1,3,12,63.92041374440882
breast,theta,1,3,13,57.571085280162436
breast,theta,1,3,14,52.91527116315578
breast,theta,1,3,15,46.52846009979079
breast,theta,1,3,16,45.686258755885234
breast,theta,1,3,17,43.821869390048285
breast,theta,1,3,18,42.08724739281309
breast,theta,1,3,19,38.2414181585993
breast,theta,1,3,20,35.065415710532605
breast,theta,1,3,21,33.45160382880435
breast,theta,1,3,22,32.56339747595128
breast,theta,1,3,23,30.612956459860335
breast,theta,1,3,24,29.425256677909058
breast,theta,1,3,25,28.164404092360627
breast,theta,1,3,26,26.301167546373847
breast,theta,1,3,27,24.814633249698577
breast,theta,1,3,28,24.26991089386011
breast,theta,1,3,29,23.920692967492844
breast,theta,1,3,30,22.129917878038675
breast,theta,1,3,31,21.385386225269386
breast,theta,1,3,32,19.470595735756238
breast,theta,1,3,33,19.011063282404756
breast,theta,1,3,34,17.24928435559267
breast,theta,1,3,35,16.757319509449523
breast,theta,1,3,36,15.38030617232567
breast,theta,1,3,37,13.97866541666929
breast,theta,1,3,38,13.51048447933946
breast,theta,1,3,39,13.45044551850462
breast,theta,1,3,40,13.04175721328722
breast,phi,1,3,1,193.56034623952885
breast,phi,1,3,2,133.53364328664026
breast,phi,1,3,3,90.36402626398805
breast,phi,1,3,4,66.41726956672967
breast,phi,1,3,5,57.237894259009956
breast,phi,1,3,6,52.53727824589239
breast,phi,1,3,7,46.05492259853224
breast,phi,1,3,8,43.41154410647937
breast,phi,1,3,9,40.339701039255836
breast,phi,1,3,10,37.16815179802138
breast,phi,1,3,11,36.27589547186995
breast,phi,1,3,12,33.69941791489173
breast,phi,1,3,13,30.853802609866847
breast,phi,1,3,14,29.238138678924454
breast,phi,1,3,15,26.15324391026741
breast,theta,2,0,1,186.35032473523475
breast,theta,2,0,2,90.72180334794511
breast,theta,2,0,3,74.97803527672167
breast,theta,2,0,4,65.27277225710051
breast,theta,2,0,5,63.04630906565708
breast,theta,2,0,6,59.5766010411196
breast,theta,2,0,7,51.50072115387407
breast,theta,2,0,8,40.21968660138974
breast,theta,2,0,9,39.00774728818302
breast,theta,2,0,10,34.67352643817335
breast,theta,2,0,11,31.603773414982044
breast,theta,2,0,12,29.52781950494558
breast,theta,2,0,13,28.608317069433134
breast,theta,2,0,14,25.67535905569922
breast,theta,2,0,15,24.329388905985386
breast,theta,2,0,16,22.310205808378416
breast,theta,2,0,17,21.393549942107292
breast,theta,2,0,18,19.803182568646978
breast,theta,2,0,19,18.4716188221694
breast,theta,2,0,20,18.123227714206667
breast,theta,2,0,21,17.64082769718763
breast,theta,2,0,22,16.50312474909104
breast,theta,2,0,23,15.606889490182432
breast,theta,2,0,24,15.319551574301519
breast,theta,2,0,25,14.691085241416967
breast,theta,2,0,26,14.373598950810091
breast,theta,2,0,27,13.57810196041999
breast,theta,2,0,28,13.058769058449531
breast,theta,2,0,29,12.181182731163155
breast,theta,2,0,30,11.997246013254315
breast,theta,2,0,31,11.665177001024304
breast,theta,2,0,32,11.025363736253452
breast,theta,2,0,33,10.637106121580363
breast,theta,2,0,34,10.14880370177208
breast,theta,2,0,35,9.852515137831059
breast,theta,2,0,36,9.512910841400952
breast,theta,2,0,37,9.298344586058585
breast,theta,2,0,38,9.046933021751205
breast,theta,2,0,39,8.887384659617059
breast,theta,2,0,40,8.54602405177423
breast,phi,2,0,1,151.75565533136492
breast,phi,2,0,2,105.17842466201202
breast,phi,2,0,3,89.00474851455611
breast,phi,2,0,4,35.20390229821458
breast,phi,2,0,5,33.66723350580366
breast,phi,2,0,6,32.799973768404975
breast,phi,2,0,7,29.37386685619516
breast,phi,2,0,8,26.176441327200752
breast,phi,2,0,9,25.678572220356298
breast,phi,2,0,10,24.410769302059755
breast,phi,2,0,11,22.077164076089655
breast,phi,2,0,12,20.864843537521335
breast,phi,2,0,13,19.495515446422274
breast,phi,2,0,14,17.700133601579246
breast,phi,2,0,15,16.66713269809396
breast,theta,2,1,1,210.23408457760732
breast,theta,2,1,2,88.76587951390398
breast,theta,2,1,3,77.18324361396016
breast,theta,2,1,4,70.5863384200516
breast,theta,2,1,5,67.25993513477746
breast,theta,2,1,6,64.74009413601937
breast,theta,2,1,7,57.94712317381173
breast,theta,2,1,8,54.50105066910843
breast,theta,2,1,9,51.66039586584795
breast,theta,2,1,10,45.316720231818294
breast,theta,2,1,11,43.12132337417019
breast,theta,2,1,12,38.409513859012364
breast,theta,2,1,13,36.536127890511324
breast,theta,2,1,14,32.45979708862772
breast,theta,2,1,15,30.94467272517327
breast,theta,2,1,16,28.874962827153258
breast,theta,2,1,17,27.529990391579613
breast,theta,2,1,18,26.852811565941725
breast,theta,2,1,19,24.6148746047239
breast,theta,2,1,20,23.03474624541013
breast,theta,2,1,21,22.25078101594666
breast,theta,2,1,22,21.64685719588795
breast,theta,2,1,23,20.773294936347426
breast,theta,2,1,24,19.136025118811848
breast,theta,2,1,25,18.141024041778927
breast,theta,2,1,26,17.221765244078565
breast,theta,2,1,27,16.668755648873915
breast,theta,2,1,28,16.07407760162218
breast,theta,2,1,29,14.910479982127052
breast,theta,2,1,30,14.753034344196232
breast,theta,2,1,31,14.48608310401501
breast,theta,2,1,32,13.681143136160646
breast,theta,2,1,33,13.101517290137398
breast,theta,2,1,34,12.6248917340522
breast,theta,2,1,35,11.983435470279906
breast,theta,2,1,36,11.887353701241405
breast,theta,2,1,37,11.729124702665887
breast,theta,2,1,38,11.325602185494576
breast,theta,2,1,39,10.59441081632819
breast,theta,2,1,40,10.318828168205338
breast,phi,2,1,1,158.06769867996798
breast,phi,2,1,2,108.48477415818203
breast,phi,2,1,3,88.75870428123176
breast,phi,2,1,4,44.456126940161404
breast,phi,2,1,5,40.75874324219484
breast,phi,2,1,6,37.469621850277456
breast,phi,2,1,7,36.795080088933986
breast,phi,2,1,8,34.10358668024779
breast,phi,2,1,9,31.024581238507213
breast,phi,2,1,10,29.520809674094277
breast,phi,2,1,11,27.010342475795376
breast,phi,2,1,12,25.193282345058286
breast,phi,2,1,13,23.519181375989128
breast,phi,2,1,14,21.281862586493446
breast,phi,2,1,15,19.192813932760778
breast,theta,2,2,1,239.91266901031605
breast,theta,2,2,2,102.01933066883156
breast,theta,2,2,3,89.90013091562605
breast,theta,2,2,4,76.94694696433035
breast,theta,2,2,5,73.11126919928475
breast,theta,2,2,6,70.75541562756351
breast,theta,2,2,7,64.9318276109457
breast,theta,2,2,8,56.75564924714131
breast,theta,2,2,9,55.08434598013252
breast,theta,2,2,10,52.175234652736336
breast,theta,2,2,11,47.76579860145809
breast,theta,2,2,12,45.46037857821403
breast,theta,2,2,13,42.1183508205442
breast,theta,2,2,14,37.471482677043824
breast,theta,2,2,15,32.43396639701499
breast,theta,2,2,16,31.213717020798626
breast,theta,2,2,17,29.415336175503143
breast,theta,2,2,18,27.143435173079926
breast,theta,2,2,19,25.727209004397828
breast,theta,2,2,20,25.004470147578292
breast,theta,2,2,21,23.922910391728553
breast,theta,2,2,22,22.78687134733874
breast,theta,2,2,23,21.368995854605014
breast,theta,2,2,24,20.301667456813583
breast,theta,2,2,25,19.337993338100034
breast,theta,2,2,26,18.80086806991624
breast,theta,2,2,27,17.742517835139115
breast,theta,2,2,28,17.023638338058316
breast,theta,2,2,29,16.391115755436804
breast,theta,2,2,30,15.753773048359266
breast,theta,2,2,31,15.154530416756062
breast,theta,2,2,32,14.239614637176505
breast,theta,2,2,33,13.896121256020407
breast,theta,2,2,34,13.54696215265702
breast,theta,2,2,35,12.988694546413054
breast,theta,2,2,36,12.636024575904464
breast,theta,2,2,37,12.097883747344374
breast,theta,2,2,38,11.153497179520665
breast,theta,2,2,39,11.031687535752338
breast,theta,2,2,40,10.793374491223588
breast,phi,2,2,1,153.3308652110764
breast,phi,2,2,2,117.28330399835953
breast,phi,2,2,3,84.3316147183756
breast,phi,2,2,4,53.154044342087595
breast,phi,2,2,5,50.45152768763037
breast,phi,2,2,6,46.12745884871119
breast,phi,2,2,7,42.0339418868812
breast,phi,2,2,8,37.11818289403088
breast,phi,2,2,9,35.20336444889473
breast,phi,2,2,10,31.783052542621668
breast,phi,2,2,11,30.45858624830083
breast,phi,2,2,12,28.658436852049448
breast,phi,2,2,13,26.235481362322428
breast,phi,2,2,14,24.528445427802385
breast,phi,2,2,15,22.351088330351757
breast,theta,2,3,1,238.96866397711736
breast,theta,2,3,2,91.24338732305245
breast,theta,2,3,3,86.72800842781744
breast,theta,2,3,4,80.61978628155185
breast,theta,2,3,5,71.845890624727
breast,theta,2,3,6,67.35947023046374
breast,theta,2,3,7,60.03069422261446
breast,theta,2,3,8,55.461650899316176
breast,theta,2,3,9,49.44039295359443
breast,theta,2,3,10,45.43489660420859
breast,theta,2,3,11,44.07863795502677
breast,theta,2,3,12,40.78897909202598
breast,theta,2,3,13,35.619324317320874
breast,theta,2,3,14,32.50741140247027
breast,theta,2,3,15,31.149072171422123
breast,theta,2,3,16,27.9162987775471
breast,theta,2,3,17,26.752151871281797
breast,theta,2,3,18,25.744808094240483
breast,theta,2,3,19,23.71835931370079
breast,theta,2,3,20,23.071423713494557
breast,theta,2,3,21,21.46212303309815
breast,theta,2,3,22,20.638075601554537
breast,theta,2,3,23,19.830759228630527
breast,theta,2,3,24,19.6939769356168
breast,theta,2,3,25,18.337531949985838
breast,theta,2,3,26,17.56622145484279
breast,theta,2,3,27,17.4507128418388
breast,theta,2,3,28,15.787241345608692
breast,theta,2,3,29,15.116430640206765
breast,theta,2,3,30,14.385779763219931
breast,theta,2,3,31,13.955173339663302
breast,theta,2,3,32,13.58701725721836
breast,theta,2,3,33,12.806860156945934
breast,theta,2,3,34,12.681347552363869
breast,theta,2,3,35,12.346978018871978
breast,theta,2,3,36,11.97408984373624
breast,theta,2,3,37,11.385752803235308
breast,theta,2,3,38,11.080425202571508
breast,theta,2,3,39,10.921092058771686
breast,theta,2,3,40,10.665557677392812
breast,phi,2,3,1,168.62920438589188
breast,phi,2,3,2,116.70398076097335
breast,phi,2,3,3,90.61987382195905
breast,phi,2,3,4,53.06097215770554
breast,phi,2,3,5,48.81609567612224
breast,phi,2,3,6,41.004099396309975
breast,phi,2,3,7,37.65682151660629
breast,phi,2,3,8,36.17454352397056
breast,phi,2,3,9,35.019971051155714
breast,phi,2,3,10,33.52543856450612
breast,phi,2,3,11,29.79080508174718
breast,phi,2,3,12,27.434522479816977
breast,phi,2,3,13,25.299478729959326
breast,phi,2,3,14,23.829736144297154
breast,phi,2,3,15,21.732530539342534
