epoch,train_loss,val_loss,val_macro_f1,val_acc,theta_disp,theta_disp_rel,phi_disp,phi_disp_rel,feat_disp,feat_disp_rel,input_jac_op,epoch_secs
1,0.9359770037554779,1.38600033868185,0.058344213948296135,0.10888225773045619,0.0,0.0,1.030920179028009,0.02372810653774247,0.0,0.0,57.924652099609375,33.74
2,0.5354945617702018,0.6106960843791905,0.37751302015234955,0.7742269543805279,0.0,0.0,1.5364276100356051,0.03536308509629377,0.0,0.0,,31.06
3,0.42824389984005157,0.32766339900689573,0.6765049943082762,0.9190402037419166,0.0,0.0,1.823363233100151,0.04196732000414892,0.0,0.0,,30.53
4,0.3015099001126937,0.2919100160184909,0.7421846867029878,0.9242411457414411,0.0,0.0,2.0818089532903183,0.04791581893515031,0.0,0.0,,26.61
5,0.2725163470527534,0.3245036685267118,0.7229307859238822,0.878422227506693,0.0,0.0,2.349090846306116,0.054067695057187136,0.0,0.0,2469.982421875,27.46
6,0.23846377929658752,0.23559011183657386,0.7892968598378594,0.9246937350894823,0.0,0.0,2.557834722613273,0.05887223476538018,0.0,0.0,,25.9
7,0.1600475263107347,0.46726097218832213,0.7109925605224824,0.863187609791272,0.0,0.0,2.7864996263991757,0.06413528549311952,0.0,0.0,,25.99
8,0.0924037108199336,1.3584133566633725,0.5082474721553738,0.6818066753093334,0.0,0.0,3.0208493481674608,0.06952918046028467,0.0,0.0,,25.9
9,0.2538150821841817,0.4658541797345826,0.7357491033768996,0.8845283482022998,0.0,0.0,3.2338018249087206,0.07443058714373602,0.0,0.0,,28.55
10,0.09592916236037613,0.6955204182900909,0.738871916728415,0.8787060547249561,0.0,0.0,3.4016961078293444,0.07829491487081042,0.0,0.0,2414.575927734375,30.5
11,0.16257181506322074,0.8562930873291943,0.7081786096095369,0.8560765873228956,0.0,0.0,3.5542621657090474,0.08180644151376171,0.0,0.0,,31.36
12,0.04207336705140417,0.520250621468102,0.7802450779529255,0.9098273256572135,0.0,0.0,3.6978347676611683,0.0851109708694998,0.0,0.0,,30.4
13,0.07563969456950374,0.8695418771144344,0.7264390443401936,0.86789760741326,0.0,0.0,3.832187366152316,0.08820328862161343,0.0,0.0,,29.7
14,0.054433696692136775,0.48480732218007316,0.7513583017062692,0.8990112073396185,0.0,0.0,3.9156585730006324,0.09012449816743705,0.0,0.0,,31.28
15,0.05221990697456884,1.077286495712935,0.7076011423878307,0.8550793565560252,0.0,0.0,4.054242106176902,0.09331419694962953,0.0,0.0,3844.230712890625,31.2
16,0.05429878659547233,0.6018821904633558,0.7495678708908499,0.9039129801090817,0.0,0.0,4.144385248782424,0.09538897066625945,0.0,0.0,,29.98
17,0.08861405689250677,0.9425123786998816,0.7091316048100267,0.8573499743021302,0.0,0.0,4.259708127617559,0.09804329212674269,0.0,0.0,,31.51
18,0.11723820181641172,0.8856912391580345,0.7369493762244492,0.8776397849049946,0.0,0.0,4.413193654408069,0.10157598166544246,0.0,0.0,,29.5
19,0.03256679253974886,1.1447178891841094,0.7111004072932577,0.8595515529951443,0.0,0.0,4.528434992076531,0.1042284263390227,0.0,0.0,,29.27
20,0.11879335683037064,0.9703048894090416,0.7156827330253706,0.8666012074163285,0.0,0.0,4.624589830733233,0.10644156786266307,0.0,0.0,12109.8857421875,31.95
21,0.05402959616651051,1.062685240433044,0.7116010551354554,0.8602266015142566,0.0,0.0,4.708033501438994,0.10836214362467152,0.0,0.0,,30.2
22,0.00832717495034219,1.0240445575480779,0.762716114107095,0.8890849257063078,0.0,0.0,4.788031100221275,0.11020340309876507,0.0,0.0,,30.0
23,0.025549761094679792,1.0991649574472262,0.7167499766827856,0.8636478701452122,0.0,0.0,4.8630563413700445,0.11193021663022225,0.0,0.0,,30.7
24,0.013574251928181806,1.1320607462699335,0.719434372720507,0.8649749541657398,0.0,0.0,4.90391236974698,0.11287057672187452,0.0,0.0,,29.02
25,0.0525427310991224,1.2098615769283327,0.7123656654688937,0.861223832281127,0.0,0.0,4.963083196899027,0.11423247817569403,0.0,0.0,11001.3701171875,33.08
26,0.048047260508630854,1.2898506034368173,0.7120690179143924,0.8603723506263377,0.0,0.0,5.026390975672474,0.11568959750458375,0.0,0.0,,31.36
27,0.013648396532398313,1.123742539595285,0.7291874942554293,0.869953436994193,0.0,0.0,5.105500397231572,0.11751041430600023,0.0,0.0,,29.56
28,0.01686615207071772,1.1899989452768447,0.7336768538999069,0.8727380121355314,0.0,0.0,5.195303024822322,0.11957735058117487,0.0,0.0,,31.58
29,0.007822693601364785,1.3432131204081499,0.733338307799223,0.8727840381709253,0.0,0.0,5.245787435567956,0.1207393217027383,0.0,0.0,,30.44
30,0.008785400891669515,1.4255679399337253,0.7091389102654865,0.8572118961959482,0.0,0.0,5.315473558794193,0.12234324777747418,0.0,0.0,10924.6591796875,31.04
31,0.027566372569756227,1.3279442082452344,0.7346596758396705,0.8731062204186835,0.0,0.0,5.3613604578949765,0.12339940057446046,0.0,0.0,,30.32
32,0.004510496805153794,1.0078488769017098,0.7445400491624627,0.8823114274974877,0.0,0.0,5.400893729944239,0.12430931553204223,0.0,0.0,,29.72
33,0.004018632347881808,1.2977822861399573,0.7317504221597351,0.8707282085899924,0.0,0.0,5.46067436620512,0.12568525261713218,0.0,0.0,,30.48
34,0.02106100344495392,1.9369781294602046,0.687941139203582,0.8044660596343999,0.0,0.0,5.539312967992838,0.12749523282622785,0.0,0.0,,31.15
35,0.024787714731084126,1.2611829199904065,0.7237208774661061,0.8605411127561157,0.0,0.0,5.635542654910333,0.129710097089943,0.0,0.0,7415.43798828125,31.15
36,0.007967925897998973,1.0356053804515377,0.7351003904699898,0.8756223103535566,0.0,0.0,5.694708849783674,0.13107189192522414,0.0,0.0,,29.8
37,0.016985688596174442,1.440105658119823,0.7118099409947867,0.8595745660128412,0.0,0.0,5.763076356426206,0.13264546814803443,0.0,0.0,,29.66
38,0.004746620342883927,1.4579909300250051,0.7111090182744886,0.8593904618712652,0.0,0.0,5.831732076097155,0.13422567800706892,0.0,0.0,,30.57
39,0.005137378148269047,1.2659247181292483,0.7260548216253391,0.8691326393629997,0.0,0.0,5.898940979642624,0.13577258731785122,0.0,0.0,,30.44
40,0.005189234916493491,1.5418510862328718,0.6725011142898432,0.8291283435996962,0.0,0.0,5.929897889875188,0.13648510500740713,0.0,0.0,7197.39306640625,30.04
41,0.016029782681778067,1.234068134222903,0.733348799773631,0.8726152760411473,0.0,0.0,5.975030624004918,0.13752389961590875,0.0,0.0,,30.35
42,0.003605241089275823,1.5313813081741672,0.7090127989536934,0.8565291766709369,0.0,0.0,6.001652497708769,0.1381366402221455,0.0,0.0,,29.57
43,0.015059666326344414,1.4058306183941514,0.732599617360566,0.8723467908346821,0.0,0.0,6.114800148461732,0.14074089568845413,0.0,0.0,,29.95
44,0.00449380572561603,1.4876738875835143,0.7105021931281985,0.8574496973788173,0.0,0.0,6.182290067171697,0.14229427296629876,0.0,0.0,,30.01
45,0.003585545967759672,1.4540522233346502,0.7218187732983732,0.8605334417502167,0.0,0.0,6.232788148488373,0.14345655873566202,0.0,0.0,3401.024169921875,31.57
46,0.008493272071821932,1.4981054814179633,0.733238680028598,0.872047621604621,0.0,0.0,6.272723513010437,0.14437572842821428,0.0,0.0,,29.28
47,0.0028731924408227725,1.7190047045637395,0.7131908816168723,0.8609246630510659,0.0,0.0,6.314306354150281,0.1453328171580503,0.0,0.0,,31.37
48,0.0023761576461806162,1.3767425949141758,0.7213582141564812,0.8675754251655019,0.0,0.0,6.354758278471792,0.14626387621527284,0.0,0.0,,30.73
49,0.0027782355671215875,1.4486100610076236,0.7343122098463413,0.8728530772240164,0.0,0.0,6.398361976515505,0.14726747786520492,0.0,0.0,,30.54
50,0.003990154475049331,1.616788409884354,0.7024451670645669,0.8174377306096149,0.0,0.0,6.448871248499218,0.14843002120382046,0.0,0.0,5172.7978515625,32.19
51,0.0023141517901800533,1.658007307963589,0.7173522081613858,0.8636938961806062,0.0,0.0,6.483973746906916,0.14923795555111793,0.0,0.0,,30.92
52,0.020800763206031594,1.526421905038478,0.7118589999988965,0.8595362109833462,0.0,0.0,6.5130847373029255,0.14990798674808894,0.0,0.0,,30.42
53,0.008499912457756798,1.5452964603649517,0.709523236947736,0.8572962772608372,0.0,0.0,6.54117579713803,0.1505545427803454,0.0,0.0,,29.39
54,0.0025360222225198586,1.5456014952933665,0.7097409264921473,0.8573423032962313,0.0,0.0,6.583830788200899,0.15153630857841183,0.0,0.0,,30.51
55,0.0025450952073835195,1.5721550779011424,0.7129225061433522,0.8600731813962765,0.0,0.0,6.609231409034803,0.15212094029824091,0.0,0.0,51315.49609375,32.4
56,0.0016563918103331698,1.5719655394240422,0.7340965544610186,0.8728147221945214,0.0,0.0,6.665305387531126,0.15341156333853326,0.0,0.0,,30.89
57,0.0020571462020092792,1.5566428778363492,0.7341441912463752,0.8726306180529453,0.0,0.0,6.68728976713967,0.15391756536674997,0.0,0.0,,31.01
58,0.0012142236734339266,1.5176350494415265,0.7329067632172652,0.8711884689439326,0.0,0.0,6.696325840110636,0.15412554354634098,0.0,0.0,,30.89
59,0.005575294410310526,1.5808926066641205,0.734074965831568,0.8728837612476124,0.0,0.0,6.724890214060537,0.1547829935818095,0.0,0.0,,31.02
60,0.001452391699809661,1.8035047059804636,0.709489166056321,0.8565675317004319,0.0,0.0,6.763710727292576,0.1556765033729246,0.0,0.0,25934.775390625,31.34
