step,grad_theta_norm,grad_phi_norm,egr
0,0.0,5.5349502596971245,0.0
1,0.0,15.605302821782342,0.0
2,0.0,12.260086856914688,0.0
3,0.0,13.403475837508735,0.0
4,0.0,12.298257279858204,0.0
5,0.0,0.9112151134432367,0.0
6,0.0,11.117808483721872,0.0
7,0.0,9.565890356313096,0.0
8,0.0,0.8001416444568411,0.0
9,0.0,7.406505512923931,0.0
10,0.0,8.160477971954306,0.0
11,0.0,4.0432294733060745,0.0
12,0.0,1.9905882088759237,0.0
13,0.0,5.387079470667687,0.0
14,0.0,5.258790836460112,0.0
15,0.0,2.5491094094864506,0.0
16,0.0,0.9967127001195706,0.0
17,0.0,3.4624168567108873,0.0
18,0.0,3.997668691444547,0.0
19,0.0,2.1839351196401733,0.0
20,0.0,0.08917868154386445,0.0
21,0.0,1.6985283599006138,0.0
22,0.0,2.9964992339795233,0.0
23,0.0,2.6647534762752474,0.0
24,0.0,1.4914352071929486,0.0
25,0.0,0.6543391312470594,0.0
26,0.0,1.7321289974023506,0.0
27,0.0,2.089954094850824,0.0
28,0.0,1.5355012342945622,0.0
29,0.0,0.8940727099161022,0.0
30,0.0,0.4762088980855111,0.0
31,0.0,1.4238702203688927,0.0
32,0.0,1.8379801192070924,0.0
33,0.0,1.3275484035313847,0.0
34,0.0,0.2005440021529045,0.0
35,0.0,0.8564613477579051,0.0
36,0.0,1.2042949076654572,0.0
37,0.0,1.6897427239629281,0.0
38,0.0,0.7436881111411259,0.0
39,0.0,0.4273024951901488,0.0
40,0.0,1.1085798821267243,0.0
41,0.0,1.5579344418150411,0.0
42,0.0,0.9202776776260733,0.0
43,0.0,0.09874648512487247,0.0
44,0.0,0.5090815894737025,0.0
45,0.0,1.0625416758986743,0.0
46,0.0,1.0005493064245716,0.0
47,0.0,0.44641618866443356,0.0
48,0.0,0.6759105315472813,0.0
49,0.0,0.9099363619810393,0.0
50,0.0,0.3775381659331579,0.0
51,0.0,0.4089979515754249,0.0
52,0.0,0.5060472836715343,0.0
53,0.0,0.5172980594223873,0.0
54,0.0,0.598934134271727,0.0
55,0.0,0.1747260904774368,0.0
56,0.0,0.13639581295683012,0.0
57,0.0,0.701659619934372,0.0
58,0.0,0.5938927147115535,0.0
59,0.0,0.16824628149016552,0.0
60,0.0,0.03877157646031541,0.0
61,0.0,0.6164827695989631,0.0
62,0.0,0.5219192150726184,0.0
63,0.0,0.33178641811020704,0.0
64,0.0,0.08532896921516209,0.0
65,0.0,0.4060309438167676,0.0
66,0.0,0.9442747929279391,0.0
67,0.0,0.27885213114737184,0.0
68,0.0,0.37504643927366665,0.0
69,0.0,0.9166172801716247,0.0
70,0.0,0.29097903798395713,0.0
71,0.0,0.38968978007989846,0.0
72,0.0,0.6874239005804533,0.0
73,0.0,0.46363648425258885,0.0
74,0.0,0.5746760511770269,0.0
75,0.0,0.05081010424926528,0.0
76,0.0,0.4851890071976884,0.0
77,0.0,0.5460275649991434,0.0
78,0.0,0.4099090060477776,0.0
79,0.0,0.319390278526679,0.0
80,0.0,0.7837901598064648,0.0
81,0.0,0.06537770328750675,0.0
82,0.0,0.17767097411701277,0.0
83,0.0,0.424868580718681,0.0
84,0.0,0.21847389474602247,0.0
85,0.0,0.2887758939315761,0.0
86,0.0,0.19940246380191237,0.0
87,0.0,0.3184619040954014,0.0
88,0.0,0.032539287408259544,0.0
89,0.0,0.14770829930375515,0.0
90,0.0,0.12594743225235178,0.0
91,0.0,0.10417420161322044,0.0
92,0.0,0.07346550743701591,0.0
93,0.0,0.27404191503488046,0.0
94,0.0,0.2177894972714622,0.0
95,0.0,0.26503403665455916,0.0
96,0.0,0.14207545483936537,0.0
97,0.0,0.28344286766548693,0.0
98,0.0,0.42247527946165336,0.0
99,0.0,0.19954198703920661,0.0
100,0.0,0.336117689886098,0.0
101,0.0,0.4643548513591087,0.0
102,0.0,0.2353858286929998,0.0
103,0.0,0.11772827865335456,0.0
104,0.0,0.3642270395838025,0.0
105,0.0,0.5080683117623471,0.0
106,0.0,0.1384065960378688,0.0
107,0.0,0.42606961965830675,0.0
108,0.0,0.1864840438532466,0.0
109,0.0,0.08601938755512588,0.0
110,0.0,0.28688109393678535,0.0
111,0.0,0.13190732713766526,0.0
112,0.0,0.4581018319044713,0.0
113,0.0,0.27929305042825986,0.0
114,0.0,0.2076821085947643,0.0
115,0.0,0.32425434475913756,0.0
116,0.0,0.10939156729685862,0.0
117,0.0,0.20244600656332537,0.0
118,0.0,0.046169526721696955,0.0
119,0.0,0.09130282903022156,0.0
120,0.0,0.29439930067696973,0.0
121,0.0,0.22777033838527136,0.0
122,0.0,0.20031079077447492,0.0
123,0.0,0.1402950218679075,0.0
124,0.0,0.4252638864640559,0.0
125,0.0,0.30251132450422696,0.0
126,0.0,0.3534341503520138,0.0
127,0.0,0.13897260139536516,0.0
128,0.0,0.20527014567245044,0.0
129,0.0,0.0705295688772778,0.0
130,0.0,0.42014491465748094,0.0
131,0.0,0.226621177719487,0.0
132,0.0,0.031891149969280864,0.0
133,0.0,0.04500947125531779,0.0
134,0.0,0.6840977032703766,0.0
135,0.0,0.2636406510387906,0.0
136,0.0,0.3087129708223696,0.0
137,0.0,0.5994799709683453,0.0
138,0.0,0.11486063671019438,0.0
139,0.0,0.13409266948547843,0.0
140,0.0,0.33550198296689726,0.0
141,0.0,0.12507559892269207,0.0
142,0.0,0.3783657989043708,0.0
143,0.0,0.5263438811212606,0.0
144,0.0,0.021558741063820965,0.0
145,0.0,0.4085294343079506,0.0
146,0.0,0.6121496547480434,0.0
147,0.0,0.16653310176943756,0.0
148,0.0,0.5154733085615177,0.0
149,0.0,0.6545180310292934,0.0
150,0.0,0.12731745757849916,0.0
151,0.0,0.2722386947223539,0.0
152,0.0,0.3884663568930328,0.0
153,0.0,0.26927811574499144,0.0
154,0.0,0.1410071478285479,0.0
155,0.0,0.5920197926966846,0.0
156,0.0,0.3810063566428525,0.0
157,0.0,0.06188905390079209,0.0
158,0.0,0.7153959085838377,0.0
159,0.0,0.6286138562127027,0.0
160,0.0,0.3040294816754555,0.0
161,0.0,0.7802557263678953,0.0
162,0.0,0.5813635237427112,0.0
163,0.0,0.11105283812842842,0.0
164,0.0,0.759581785594526,0.0
165,0.0,0.7682027576773042,0.0
166,0.0,0.08342077045287327,0.0
167,0.0,0.7149886452604062,0.0
168,0.0,0.48994253021728124,0.0
169,0.0,0.17693376852656645,0.0
170,0.0,0.4958530246804031,0.0
171,0.0,0.29308225741294225,0.0
172,0.0,0.20769027881441426,0.0
173,0.0,0.2555583276965583,0.0
174,0.0,0.118042454514455,0.0
175,0.0,0.19836948269773896,0.0
176,0.0,0.05415477172307744,0.0
177,0.0,0.22439997268329764,0.0
178,0.0,0.11394603158874392,0.0
179,0.0,0.03399728269104102,0.0
180,0.0,0.2056986849109357,0.0
181,0.0,0.13059572614869233,0.0
182,0.0,0.09286435044508591,0.0
183,0.0,0.2844909678124404,0.0
184,0.0,0.08049647823746767,0.0
185,0.0,0.037594746579347645,0.0
186,0.0,0.28642942635820523,0.0
187,0.0,0.15991603414162184,0.0
188,0.0,0.14607203536815414,0.0
189,0.0,0.02999063743413534,0.0
190,0.0,0.06663587428383193,0.0
191,0.0,0.08809836631468924,0.0
192,0.0,0.2071656766446432,0.0
193,0.0,0.14151828287676552,0.0
194,0.0,0.25268154774646806,0.0
195,0.0,0.22112766458900646,0.0
196,0.0,0.15688845249518227,0.0
197,0.0,0.46126124355626996,0.0
198,0.0,0.06080750792410344,0.0
199,0.0,0.15779610813451173,0.0
200,0.0,0.25984127514592276,0.0
201,0.0,0.15314496614574252,0.0
202,0.0,0.10570295448107866,0.0
203,0.0,0.16642345064229813,0.0
204,0.0,0.3908449464291926,0.0
205,0.0,0.10512912514350091,0.0
206,0.0,0.3405884676095782,0.0
207,0.0,0.3390638069615323,0.0
208,0.0,0.03147799541722045,0.0
209,0.0,0.19995228220515238,0.0
210,0.0,0.49301932189641684,0.0
211,0.0,0.0725402661651505,0.0
212,0.0,0.35198044202499607,0.0
213,0.0,0.4557513740378045,0.0
214,0.0,0.09390492616165753,0.0
215,0.0,0.19426453689025033,0.0
216,0.0,0.17275568005194555,0.0
217,0.0,0.08591037181353318,0.0
218,0.0,0.14159293861426342,0.0
219,0.0,0.030210143358470713,0.0
220,0.0,0.08947101052434667,0.0
221,0.0,0.31915834184513164,0.0
222,0.0,0.11245176341205608,0.0
223,0.0,0.34474118801287384,0.0
224,0.0,0.14341058922371225,0.0
225,0.0,0.17453625726794816,0.0
226,0.0,0.05294148728120804,0.0
227,0.0,0.05224946472324451,0.0
228,0.0,0.33890085855070834,0.0
229,0.0,0.1669173166175182,0.0
230,0.0,0.34996811181114335,0.0
231,0.0,0.44887681225946513,0.0
232,0.0,0.13373890410107628,0.0
233,0.0,0.06776514181737692,0.0
234,0.0,0.17368687220708487,0.0
235,0.0,0.09687943254223852,0.0
236,0.0,0.1155938190961611,0.0
237,0.0,0.08987076988741946,0.0
238,0.0,0.3391600478801026,0.0
239,0.0,0.2673574565384305,0.0
240,0.0,0.3109053987640774,0.0
241,0.0,0.37198922280456687,0.0
242,0.0,0.10010128105935277,0.0
243,0.0,0.16537100628124685,0.0
244,0.0,0.44892101932466894,0.0
245,0.0,0.37974670005112243,0.0
246,0.0,0.37451209741743197,0.0
247,0.0,0.19856288772744798,0.0
248,0.0,0.1367711950665099,0.0
249,0.0,0.45170894820690366,0.0
250,0.0,0.09238880280180051,0.0
251,0.0,0.6491073960320547,0.0
252,0.0,0.06688406374284113,0.0
253,0.0,0.4154896626748473,0.0
254,0.0,0.40369429138551793,0.0
255,0.0,0.32923580708921873,0.0
256,0.0,0.3034209765709281,0.0
257,0.0,0.13142181497298916,0.0
258,0.0,0.27826819044137024,0.0
259,0.0,0.37566771127065296,0.0
260,0.0,0.3498911690475591,0.0
261,0.0,0.1924780788755932,0.0
262,0.0,0.07349925409017481,0.0
263,0.0,0.0665720385467092,0.0
264,0.0,0.15739479287707808,0.0
265,0.0,0.1784518587777186,0.0
266,0.0,0.02368339747894199,0.0
267,0.0,0.3154611539049297,0.0
268,0.0,0.2735780696677069,0.0
269,0.0,0.09267555094559549,0.0
270,0.0,0.5544197118983001,0.0
271,0.0,0.2099664721512222,0.0
272,0.0,0.20976271205913496,0.0
273,0.0,0.5463674787466789,0.0
274,0.0,0.06486028598186752,0.0
275,0.0,0.05150708143840358,0.0
276,0.0,0.3751894088912132,0.0
277,0.0,0.06676870905145554,0.0
278,0.0,0.05797080564889106,0.0
279,0.0,0.3686844763959661,0.0
280,0.0,0.031668209775944485,0.0
281,0.0,0.2394510476786644,0.0
282,0.0,0.3175838108706086,0.0
283,0.0,0.2105369619558475,0.0
284,0.0,0.2375273551904461,0.0
285,0.0,0.05985083771091766,0.0
286,0.0,0.314774465158567,0.0
287,0.0,0.02781415003609252,0.0
288,0.0,0.2950536285825729,0.0
289,0.0,0.04862170304231089,0.0
290,0.0,0.22782455696980025,0.0
291,0.0,0.07089749553314754,0.0
292,0.0,0.02408758773256043,0.0
293,0.0,0.33489647696763086,0.0
294,0.0,0.11452285598725016,0.0
295,0.0,0.31762854965305953,0.0
296,0.0,0.42173330437733797,0.0
297,0.0,0.3252429860675003,0.0
298,0.0,0.08243901942895968,0.0
299,0.0,0.23053003204068295,0.0
300,0.0,0.10347632770360204,0.0
301,0.0,0.25495867338200984,0.0
302,0.0,0.36129155985601025,0.0
303,0.0,0.35769208943338343,0.0
304,0.0,0.34393175758633293,0.0
305,0.0,0.20872199701085564,0.0
306,0.0,0.3491182917212785,0.0
307,0.0,0.05337086311115816,0.0
308,0.0,0.4297839277533965,0.0
309,0.0,0.040465542399582555,0.0
310,0.0,0.26384784857294946,0.0
311,0.0,0.31379427611626365,0.0
312,0.0,0.34492551546095607,0.0
313,0.0,0.4711557739945048,0.0
314,0.0,0.5804912333740168,0.0
315,0.0,0.5325796623132952,0.0
316,0.0,0.5190828132406626,0.0
317,0.0,0.5782118742675407,0.0
318,0.0,0.292994628477084,0.0
319,0.0,0.5569296949242796,0.0
320,0.0,0.10097438342767785,0.0
321,0.0,0.75482965070539,0.0
322,0.0,0.2774931705867372,0.0
323,0.0,0.4936970888783831,0.0
324,0.0,0.7036869619461273,0.0
325,0.0,0.2813854985896483,0.0
326,0.0,0.6902052462768533,0.0
327,0.0,0.2347514569524429,0.0
328,0.0,0.7227065213020274,0.0
329,0.0,0.19494598770418525,0.0
330,0.0,0.34646810426422797,0.0
331,0.0,0.13516911007457572,0.0
332,0.0,0.032830462258955015,0.0
333,0.0,0.14160124437008767,0.0
334,0.0,0.034358778481427876,0.0
335,0.0,0.028768089148103894,0.0
336,0.0,0.16206153841668186,0.0
337,0.0,0.1761443684353504,0.0
338,0.0,0.48472065239227924,0.0
339,0.0,0.025600802629961457,0.0
340,0.0,0.15323529618965603,0.0
341,0.0,0.32501309596894934,0.0
342,0.0,0.2634956150356059,0.0
343,0.0,0.1321001209924445,0.0
344,0.0,0.20313837184031325,0.0
345,0.0,0.06442149922963769,0.0
346,0.0,0.06139931371475708,0.0
347,0.0,0.38566034128723065,0.0
348,0.0,0.08674694973879558,0.0
349,0.0,0.28304259648288016,0.0
350,0.0,0.14490816742994345,0.0
351,0.0,0.4671211714604475,0.0
352,0.0,0.07708106710606619,0.0
353,0.0,0.592380461035904,0.0
354,0.0,0.30261129731863784,0.0
355,0.0,0.18886171534606847,0.0
356,0.0,0.11127049904276622,0.0
357,0.0,0.3366826909200182,0.0
358,0.0,0.05168902722644059,0.0
359,0.0,0.5477526986313284,0.0
360,0.0,0.07697444270025318,0.0
361,0.0,0.4539343394151223,0.0
362,0.0,0.10649326077548962,0.0
363,0.0,0.04682533763647114,0.0
364,0.0,0.39333622133492996,0.0
365,0.0,0.17282368121202193,0.0
366,0.0,0.533871108947594,0.0
367,0.0,0.23102550390094845,0.0
368,0.0,0.33994035223473057,0.0
369,0.0,0.3835025652287225,0.0
370,0.0,0.05949355560990723,0.0
371,0.0,0.5519259810547273,0.0
372,0.0,0.1938878693815445,0.0
373,0.0,0.22433859545720566,0.0
374,0.0,0.34875131268013276,0.0
375,0.0,0.1431320312856678,0.0
376,0.0,0.26385760834291433,0.0
377,0.0,0.45057960264891,0.0
378,0.0,0.21740514777494846,0.0
379,0.0,0.4769148107052256,0.0
380,0.0,0.04166933952294906,0.0
381,0.0,0.5475062330701511,0.0
382,0.0,0.18158243968959537,0.0
383,0.0,0.5538072000011367,0.0
384,0.0,0.3369813276385982,0.0
385,0.0,0.21952545995186085,0.0
386,0.0,0.6048492787152516,0.0
387,0.0,0.13637887965618237,0.0
388,0.0,0.5765090727468104,0.0
389,0.0,0.06950240873492176,0.0
390,0.0,0.4595264232762283,0.0
391,0.0,0.2440822522883364,0.0
392,0.0,0.11846687055551214,0.0
393,0.0,0.49190527292405045,0.0
394,0.0,0.07388291377116561,0.0
395,0.0,0.3884715819697008,0.0
396,0.0,0.20558259591159891,0.0
397,0.0,0.23484490257288348,0.0
398,0.0,0.3428884542097859,0.0
399,0.0,0.05628379449865902,0.0
400,0.0,0.6681808268299569,0.0
401,0.0,0.10079541601122095,0.0
402,0.0,0.39474441051271736,0.0
403,0.0,0.32385740621739767,0.0
404,0.0,0.45736608518461935,0.0
405,0.0,0.5319436141865448,0.0
406,0.0,0.32270819458966643,0.0
407,0.0,0.6575419399931022,0.0
408,0.0,0.2169499107511232,0.0
409,0.0,0.3790731754781425,0.0
410,0.0,0.25188998149821656,0.0
411,0.0,0.5507598543072085,0.0
412,0.0,0.2898966106352907,0.0
413,0.0,0.33192227656674933,0.0
414,0.0,0.39815583194432863,0.0
415,0.0,0.10976062730937972,0.0
416,0.0,0.3803195235872598,0.0
417,0.0,0.24057336862542808,0.0
418,0.0,0.506397251805826,0.0
419,0.0,0.3376249759641213,0.0
420,0.0,0.28179535173271375,0.0
421,0.0,0.3782092459380177,0.0
422,0.0,0.1091337315886315,0.0
423,0.0,0.4466690625495902,0.0
424,0.0,0.17084333450569075,0.0
425,0.0,0.18380350281113034,0.0
426,0.0,0.2130709400671861,0.0
427,0.0,0.1903943046287922,0.0
428,0.0,0.37631147951303057,0.0
429,0.0,0.3147752867964477,0.0
430,0.0,0.40095135928622483,0.0
431,0.0,0.41247199497795245,0.0
432,0.0,0.3400808702626955,0.0
433,0.0,0.3619627386510895,0.0
434,0.0,0.2578688633754983,0.0
435,0.0,0.3649784990073353,0.0
436,0.0,0.29639278352307896,0.0
437,0.0,0.10576081104137186,0.0
438,0.0,0.06047436785368637,0.0
439,0.0,0.08973782074042001,0.0
440,0.0,0.0971286268883247,0.0
441,0.0,0.04446215354533578,0.0
442,0.0,0.27696520492735827,0.0
443,0.0,0.22099181704785475,0.0
444,0.0,0.07964946758647348,0.0
445,0.0,0.11597541071454723,0.0
446,0.0,0.17381519452205593,0.0
447,0.0,0.2697411605512285,0.0
448,0.0,0.04800108112238249,0.0
449,0.0,0.032623909982857316,0.0
450,0.0,0.1664167589760203,0.0
451,0.0,0.14037510552536275,0.0
452,0.0,0.1637756577317958,0.0
453,0.0,0.2515517827197428,0.0
454,0.0,0.06348503355228195,0.0
455,0.0,0.2806155518360445,0.0
456,0.0,0.301963740417279,0.0
457,0.0,0.138474742702524,0.0
458,0.0,0.30838601482790917,0.0
459,0.0,0.3105498449592113,0.0
460,0.0,0.5404756658576261,0.0
461,0.0,0.22647951340590056,0.0
462,0.0,0.5417497549401534,0.0
463,0.0,0.14499639917249396,0.0
464,0.0,0.5890615182102256,0.0
465,0.0,0.1172655919991207,0.0
466,0.0,0.4301059757485027,0.0
467,0.0,0.2242091815228576,0.0
468,0.0,0.3049839990109095,0.0
469,0.0,0.48636550859755345,0.0
470,0.0,0.23332269470599767,0.0
471,0.0,0.29750169347798394,0.0
472,0.0,0.10634771829863754,0.0
473,0.0,0.16979993202489138,0.0
474,0.0,0.2473209004547558,0.0
475,0.0,0.2582630161490854,0.0
476,0.0,0.30918462355178566,0.0
477,0.0,0.26323325887281435,0.0
478,0.0,0.43238475674000165,0.0
479,0.0,0.27788735822226757,0.0
480,0.0,0.2819553830961676,0.0
481,0.0,0.11621059476202605,0.0
482,0.0,0.41802860001021935,0.0
483,0.0,0.32756652306601397,0.0
484,0.0,0.5225778896928068,0.0
485,0.0,0.25500447423173067,0.0
486,0.0,0.20870145489707184,0.0
487,0.0,0.3458965374953147,0.0
488,0.0,0.13703779983918948,0.0
489,0.0,0.3968282777095525,0.0
490,0.0,0.36324972763930474,0.0
491,0.0,0.27732565796120934,0.0
492,0.0,0.3985529906464709,0.0
493,0.0,0.052257673475473033,0.0
494,0.0,0.4174743712336397,0.0
495,0.0,0.06295789305227721,0.0
496,0.0,0.15560314758748667,0.0
497,0.0,0.2615776485509679,0.0
498,0.0,0.15000305892665236,0.0
499,0.0,0.2843613971048862,0.0
500,0.0,0.0864032745107845,0.0
501,0.0,0.28414677613290823,0.0
502,0.0,0.03505686728697108,0.0
503,0.0,0.3780738786939158,0.0
504,0.0,0.05913237891463637,0.0
505,0.0,0.3402323868843871,0.0
506,0.0,0.18470228930219515,0.0
507,0.0,0.4576407529686049,0.0
508,0.0,0.0997986861443431,0.0
509,0.0,0.40697549112652287,0.0
510,0.0,0.07483436193398368,0.0
511,0.0,0.05853762295460907,0.0
512,0.0,0.23748863912227064,0.0
513,0.0,0.10248422906927633,0.0
514,0.0,0.2525603785973094,0.0
515,0.0,0.24178183855681354,0.0
516,0.0,0.4978425771573359,0.0
517,0.0,0.08226317402149054,0.0
518,0.0,0.21512344523552684,0.0
519,0.0,0.1757926170469918,0.0
520,0.0,0.10718285968175961,0.0
521,0.0,0.3080545676619046,0.0
522,0.0,0.07830904099084295,0.0
523,0.0,0.4692414422741565,0.0
524,0.0,0.14146272969194432,0.0
525,0.0,0.2539559379404485,0.0
526,0.0,0.09674188085235347,0.0
527,0.0,0.20962680067627026,0.0
528,0.0,0.1102505021909974,0.0
529,0.0,0.2254845022815764,0.0
530,0.0,0.05347644046023587,0.0
531,0.0,0.09130374406456973,0.0
532,0.0,0.09433666981356634,0.0
533,0.0,0.15926460613722088,0.0
534,0.0,0.2410068704036288,0.0
535,0.0,0.06427267775072262,0.0
536,0.0,0.2036716698566444,0.0
537,0.0,0.1045070460190706,0.0
538,0.0,0.1971741924588135,0.0
539,0.0,0.12312036223926014,0.0
540,0.0,0.17029084813506964,0.0
541,0.0,0.07895088041400083,0.0
542,0.0,0.2770211735639548,0.0
543,0.0,0.13942669650737,0.0
544,0.0,0.1127334853021193,0.0
545,0.0,0.049757353217015916,0.0
546,0.0,0.1446114455629132,0.0
547,0.0,0.17494049412273055,0.0
548,0.0,0.31950705155551895,0.0
549,0.0,0.0920178075677996,0.0
550,0.0,0.21685659349856726,0.0
551,0.0,0.05263930635359774,0.0
552,0.0,0.15966580406166078,0.0
553,0.0,0.16851723297876245,0.0
554,0.0,0.4317107940382312,0.0
555,0.0,0.09021077055950302,0.0
556,0.0,0.20943156768286644,0.0
557,0.0,0.1131015196092302,0.0
558,0.0,0.22114976130400293,0.0
559,0.0,0.06694614885560593,0.0
560,0.0,0.13566901563130815,0.0
561,0.0,0.2097590522924637,0.0
562,0.0,0.29497364614532373,0.0
563,0.0,0.1534112742541323,0.0
564,0.0,0.37222019103885723,0.0
565,0.0,0.04753155512446105,0.0
566,0.0,0.12800911726648528,0.0
567,0.0,0.1859351746519915,0.0
568,0.0,0.18250373808214668,0.0
569,0.0,0.06674032957825443,0.0
570,0.0,0.12548533580926763,0.0
571,0.0,0.18412725485329454,0.0
572,0.0,0.10663781901235334,0.0
573,0.0,0.3656668353350196,0.0
574,0.0,0.22883779845628613,0.0
575,0.0,0.2029163082550599,0.0
576,0.0,0.3847904029705997,0.0
577,0.0,0.19760982758350532,0.0
578,0.0,0.12204865047148927,0.0
579,0.0,0.1738302062276365,0.0
580,0.0,0.07566017806222149,0.0
581,0.0,0.13336429322338303,0.0
582,0.0,0.09427269834794992,0.0
583,0.0,0.10091214110356882,0.0
584,0.0,0.05461021781452195,0.0
585,0.0,0.06866193093432085,0.0
586,0.0,0.2239775549569431,0.0
587,0.0,0.16206262541560032,0.0
588,0.0,0.17343780252894747,0.0
589,0.0,0.25550723877202725,0.0
590,0.0,0.13135939970312283,0.0
591,0.0,0.046359543601701775,0.0
592,0.0,0.11171034504895348,0.0
593,0.0,0.12237775496284146,0.0
594,0.0,0.05817725281270395,0.0
595,0.0,0.08771144176426919,0.0
596,0.0,0.05524489160433322,0.0
597,0.0,0.045482374880312045,0.0
598,0.0,0.08487851216234617,0.0
599,0.0,0.09118413681674169,0.0
600,0.0,0.1307465393220918,0.0
601,0.0,0.12411063212867694,0.0
602,0.0,0.08140938520689725,0.0
603,0.0,0.0792098908273133,0.0
604,0.0,0.19130488130172285,0.0
605,0.0,0.21423040961040724,0.0
606,0.0,0.046956267998061484,0.0
607,0.0,0.18704515878763145,0.0
608,0.0,0.06832737580698868,0.0
609,0.0,0.26711983050862936,0.0
610,0.0,0.2712957673704457,0.0
611,0.0,0.2549432118473103,0.0
612,0.0,0.6830930191584044,0.0
613,0.0,0.5984188131487221,0.0
614,0.0,0.17099242409637516,0.0
615,0.0,0.5667808762175524,0.0
616,0.0,0.13805757356012857,0.0
617,0.0,0.5620944578444209,0.0
618,0.0,0.40418193968703847,0.0
619,0.0,0.4196614548570507,0.0
620,0.0,0.45996699572383193,0.0
621,0.0,0.2269722861395618,0.0
622,0.0,0.404683700868306,0.0
623,0.0,0.11188402680013354,0.0
624,0.0,0.2001945603602043,0.0
625,0.0,0.1121725364826026,0.0
626,0.0,0.23876236095732775,0.0
627,0.0,0.08447849845553897,0.0
628,0.0,0.17853794919403587,0.0
629,0.0,0.15254015015116318,0.0
630,0.0,0.2111429816335558,0.0
631,0.0,0.0874694972167299,0.0
632,0.0,0.24176495705502293,0.0
633,0.0,0.11201758706006229,0.0
634,0.0,0.4173557957006747,0.0
635,0.0,0.06830667140903574,0.0
636,0.0,0.4083939058664974,0.0
637,0.0,0.1786169679170706,0.0
638,0.0,0.2577876381624211,0.0
639,0.0,0.1649214840021288,0.0
640,0.0,0.370606189276703,0.0
641,0.0,0.42128906933114524,0.0
642,0.0,0.2572913135669684,0.0
643,0.0,0.4579201797274588,0.0
644,0.0,0.14503479325190488,0.0
645,0.0,0.2589114248959078,0.0
646,0.0,0.19735393722163683,0.0
647,0.0,0.07679249955906757,0.0
648,0.0,0.3039773010588891,0.0
649,0.0,0.09640378587298179,0.0
650,0.0,0.28226830191990626,0.0
651,0.0,0.14842572084520644,0.0
652,0.0,0.07773490067279293,0.0
653,0.0,0.07269231815962841,0.0
654,0.0,0.1601870032027405,0.0
655,0.0,0.06570004858943096,0.0
656,0.0,0.3113832706982424,0.0
657,0.0,0.2665777776380244,0.0
658,0.0,0.52150660944959,0.0
659,0.0,0.7616896275397992,0.0
660,0.0,0.08716439184396044,0.0
661,0.0,0.4006150354801887,0.0
662,0.0,0.1256318436528247,0.0
663,0.0,0.29566428457142885,0.0
664,0.0,0.1391085106699665,0.0
665,0.0,0.18813371960227188,0.0
666,0.0,0.17995100620708138,0.0
667,0.0,0.3817625268875191,0.0
668,0.0,0.10674621327300696,0.0
669,0.0,0.21804801894622913,0.0
670,0.0,0.14463955434790765,0.0
671,0.0,0.10039319828002172,0.0
672,0.0,0.0960105906680412,0.0
673,0.0,0.18687306634988599,0.0
674,0.0,0.20229747142600013,0.0
675,0.0,0.2298121911244879,0.0
676,0.0,0.22342877347036774,0.0
677,0.0,0.2576048181248532,0.0
678,0.0,0.15206422107655748,0.0
679,0.0,0.20259711924252008,0.0
680,0.0,0.22166060105737764,0.0
681,0.0,0.2556547788747799,0.0
682,0.0,0.11283560635752102,0.0
683,0.0,0.20878076237927254,0.0
684,0.0,0.11567850736302979,0.0
685,0.0,0.11422925117469064,0.0
686,0.0,0.18495447705307264,0.0
687,0.0,0.12322986062618124,0.0
688,0.0,0.14517002093125392,0.0
689,0.0,0.18579855720068295,0.0
690,0.0,0.4261607086820921,0.0
691,0.0,0.3723483292803744,0.0
692,0.0,0.2704517775640154,0.0
693,0.0,0.1973554371549412,0.0
694,0.0,0.16055283648435545,0.0
695,0.0,0.22928839410315266,0.0
696,0.0,0.31544324667777357,0.0
697,0.0,0.14086444944410942,0.0
698,0.0,0.4016933517121571,0.0
699,0.0,0.5826040441660679,0.0
700,0.0,0.13001376653295973,0.0
701,0.0,0.6496062968336637,0.0
702,0.0,0.24048547370050566,0.0
703,0.0,0.6614074620225264,0.0
704,0.0,0.45434227848635167,0.0
705,0.0,0.47001127049087066,0.0
706,0.0,0.45975341120920216,0.0
707,0.0,0.27713070039576726,0.0
708,0.0,0.5512635926944729,0.0
709,0.0,0.16183667795434026,0.0
710,0.0,0.6099845656949705,0.0
711,0.0,0.34352696304368546,0.0
712,0.0,0.20706516592531143,0.0
713,0.0,0.2600652310154719,0.0
714,0.0,0.23713937354083608,0.0
715,0.0,0.237093619016307,0.0
716,0.0,0.17185900743434676,0.0
717,0.0,0.12278529009810675,0.0
718,0.0,0.14350723640462645,0.0
719,0.0,0.14535611412725502,0.0
720,0.0,0.35369144291265064,0.0
721,0.0,0.4885784399835942,0.0
722,0.0,0.13254895173120115,0.0
723,0.0,0.4511900163046418,0.0
724,0.0,0.13225672571423291,0.0
725,0.0,0.5329609709386638,0.0
726,0.0,0.4355751008861535,0.0
727,0.0,0.29845075714794067,0.0
728,0.0,0.3540958597577043,0.0
729,0.0,0.5391545875077873,0.0
730,0.0,0.6099069779534403,0.0
731,0.0,0.25328978164208865,0.0
732,0.0,0.5848128564973172,0.0
733,0.0,0.18342192265227464,0.0
734,0.0,0.434091503089573,0.0
735,0.0,0.3127677191152561,0.0
736,0.0,0.21250681828302748,0.0
737,0.0,0.18561413823579728,0.0
738,0.0,0.2242939875547984,0.0
739,0.0,0.11631555607041205,0.0
740,0.0,0.4599938917570419,0.0
741,0.0,0.42128932031051874,0.0
742,0.0,0.2947390694316238,0.0
743,0.0,0.6489563828029775,0.0
744,0.0,0.16327601184905383,0.0
745,0.0,0.46453501873150094,0.0
746,0.0,0.18808276986498154,0.0
747,0.0,0.4229645931347695,0.0
748,0.0,0.1583267145231864,0.0
749,0.0,0.2906283967887197,0.0
750,0.0,0.17847998592765263,0.0
751,0.0,0.35599094085468685,0.0
752,0.0,0.1680018168329627,0.0
753,0.0,0.19960218548089245,0.0
754,0.0,0.2577765241399233,0.0
755,0.0,0.11606534857036555,0.0
756,0.0,0.18112394919829358,0.0
757,0.0,0.11890416059750866,0.0
758,0.0,0.16381742740949012,0.0
759,0.0,0.19632759062016675,0.0
760,0.0,0.12428312029547474,0.0
761,0.0,0.23620410302969067,0.0
762,0.0,0.18625131042871854,0.0
763,0.0,0.3364938969544669,0.0
764,0.0,0.4284802722724412,0.0
765,0.0,0.2378019957645498,0.0
766,0.0,0.6276441098118072,0.0
767,0.0,0.21223348035609946,0.0
768,0.0,0.7633025828617048,0.0
769,0.0,0.5567742066022969,0.0
770,0.0,0.1731741822663849,0.0
771,0.0,0.2198128228271493,0.0
772,0.0,0.422290834107405,0.0
773,0.0,0.7914593701580973,0.0
774,0.0,0.2271695978889692,0.0
775,0.0,0.347150284054095,0.0
776,0.0,0.2907152337923021,0.0
777,0.0,0.42835417791225694,0.0
778,0.0,0.3374153044631127,0.0
779,0.0,0.5351667089583425,0.0
780,0.0,0.1581599060616635,0.0
781,0.0,0.23150667116699067,0.0
782,0.0,0.1762860493948586,0.0
783,0.0,0.3635788365149448,0.0
784,0.0,0.2929200868677131,0.0
785,0.0,0.21791551050795643,0.0
786,0.0,0.36475497394914236,0.0
787,0.0,0.13416517831950983,0.0
788,0.0,0.23930394625345186,0.0
789,0.0,0.20599827969644208,0.0
790,0.0,0.18554502002347517,0.0
791,0.0,0.22235092905279077,0.0
792,0.0,0.2665908152477233,0.0
793,0.0,0.2839340842727727,0.0
794,0.0,0.29183492568826574,0.0
795,0.0,0.3697698646073947,0.0
796,0.0,0.13006262723603315,0.0
797,0.0,0.40760000267575924,0.0
798,0.0,0.3789570034549436,0.0
799,0.0,0.300752270004204,0.0
800,0.0,0.33993787303450035,0.0
801,0.0,0.38332737141247875,0.0
802,0.0,0.6335171860042804,0.0
803,0.0,0.18694484614754858,0.0
804,0.0,0.42321919184719436,0.0
805,0.0,0.1941159915948977,0.0
806,0.0,0.4062063369728445,0.0
807,0.0,0.19206684063089202,0.0
808,0.0,0.3860883471301149,0.0
809,0.0,0.2139557006383871,0.0
810,0.0,0.4138660457256925,0.0
811,0.0,0.49465035848542616,0.0
812,0.0,0.3120938760599242,0.0
813,0.0,0.4679766457907951,0.0
814,0.0,0.35863126319443467,0.0
815,0.0,0.42474641358589527,0.0
816,0.0,0.18000495007931616,0.0
817,0.0,0.47775651938752967,0.0
818,0.0,0.3905941003161678,0.0
819,0.0,0.39351904507236446,0.0
820,0.0,0.7192565273209969,0.0
821,0.0,0.21774715356741287,0.0
822,0.0,0.7394482508214889,0.0
823,0.0,0.31802959446429774,0.0
824,0.0,0.588023425004222,0.0
825,0.0,0.24401115711044183,0.0
826,0.0,0.6459079185793937,0.0
827,0.0,0.20088068770484704,0.0
828,0.0,0.5362349162823044,0.0
829,0.0,0.1859387513714508,0.0
830,0.0,0.4753391413373477,0.0
831,0.0,0.21813921002477493,0.0
832,0.0,0.5260095700505785,0.0
833,0.0,0.3629742303867389,0.0
834,0.0,0.3604877332146516,0.0
835,0.0,0.23975941109544002,0.0
836,0.0,0.3596424444337582,0.0
837,0.0,0.3149133328185317,0.0
838,0.0,0.31550723803293557,0.0
839,0.0,0.3954151936026074,0.0
840,0.0,0.2305260480127701,0.0
841,0.0,0.22720025741422734,0.0
842,0.0,0.1958587309446486,0.0
843,0.0,0.22040108179391232,0.0
844,0.0,0.3266312218179141,0.0
845,0.0,0.20890119578301705,0.0
846,0.0,0.29826254078732056,0.0
847,0.0,0.258758714765005,0.0
848,0.0,0.2339445679709544,0.0
849,0.0,0.2709655774968515,0.0
850,0.0,0.2125524006102422,0.0
851,0.0,0.261526251019923,0.0
852,0.0,0.3249975668587687,0.0
853,0.0,0.24424806129876142,0.0
854,0.0,0.29541261831488586,0.0
855,0.0,0.33308657912304074,0.0
856,0.0,0.2587220201357507,0.0
857,0.0,0.20587074293537333,0.0
858,0.0,0.2499918301957447,0.0
859,0.0,0.23847948874917635,0.0
860,0.0,0.26419245638750455,0.0
861,0.0,0.29704994113563676,0.0
862,0.0,0.24372960572592176,0.0
863,0.0,0.1822577478375331,0.0
864,0.0,0.3339521152890505,0.0
865,0.0,0.36995630321158174,0.0
866,0.0,0.23348976312277653,0.0
867,0.0,0.41276634796584616,0.0
868,0.0,0.29622213024985566,0.0
869,0.0,0.21520536731288079,0.0
870,0.0,0.3509896404308754,0.0
871,0.0,0.5033018514139322,0.0
872,0.0,0.3755370866748259,0.0
873,0.0,0.2596218821617345,0.0
874,0.0,0.5118121090627241,0.0
875,0.0,0.4503842069559319,0.0
876,0.0,0.24593227016420524,0.0
877,0.0,0.3136530723334597,0.0
878,0.0,0.19280154064091745,0.0
879,0.0,0.2582135064721832,0.0
880,0.0,0.24937251829837612,0.0
881,0.0,0.21807432187598358,0.0
882,0.0,0.28081703918274864,0.0
883,0.0,0.3071138469414968,0.0
884,0.0,0.6589489473719109,0.0
885,0.0,1.0911206595091454,0.0
886,0.0,0.693386553267146,0.0
887,0.0,0.3313460679507645,0.0
888,0.0,0.4734342981086543,0.0
889,0.0,0.4249988143221604,0.0
890,0.0,0.2190772841427229,0.0
891,0.0,0.32815460758437315,0.0
892,0.0,0.4395041076183105,0.0
893,0.0,0.28665685100356386,0.0
894,0.0,0.33905403236468806,0.0
895,0.0,0.4248269283117689,0.0
896,0.0,0.3562208971791807,0.0
897,0.0,0.41437679348231155,0.0
898,0.0,0.3411947832614239,0.0
899,0.0,0.6289718210475778,0.0
900,0.0,0.915625851857914,0.0
901,0.0,0.5426533150988306,0.0
902,0.0,0.2928959106032358,0.0
903,0.0,0.3425540783501188,0.0
904,0.0,0.3719138168543881,0.0
905,0.0,0.3235361885786096,0.0
906,0.0,0.26811199665515145,0.0
907,0.0,0.3331510193660818,0.0
908,0.0,0.25464361024576365,0.0
909,0.0,0.3016771487822032,0.0
910,0.0,0.47191582970910817,0.0
911,0.0,0.3767466344902713,0.0
912,0.0,0.27876632835586346,0.0
913,0.0,0.40638302710018337,0.0
914,0.0,0.44629954181268766,0.0
915,0.0,0.2810320679139884,0.0
916,0.0,0.3716620846364273,0.0
917,0.0,0.3677471736117437,0.0
918,0.0,0.3038878186691769,0.0
919,0.0,0.29706164244602745,0.0
920,0.0,0.33868800124390314,0.0
921,0.0,0.32221555658960993,0.0
922,0.0,0.3119544746658493,0.0
923,0.0,0.2811456263740079,0.0
924,0.0,0.30334425742347504,0.0
925,0.0,0.3380101230309629,0.0
926,0.0,0.30886506253127055,0.0
927,0.0,0.22795370773731266,0.0
928,0.0,0.33030020277464167,0.0
929,0.0,0.249041302460535,0.0
930,0.0,0.3177036646396365,0.0
931,0.0,0.38350666467695604,0.0
932,0.0,0.5716583569489343,0.0
933,0.0,0.4377442650180975,0.0
934,0.0,0.31588507791352854,0.0
935,0.0,0.4181808053782726,0.0
936,0.0,0.44688023358829704,0.0
937,0.0,0.5375789225907825,0.0
938,0.0,0.4415076817749306,0.0
939,0.0,0.38695519972229925,0.0
940,0.0,0.33238290750701777,0.0
941,0.0,0.35833714139947453,0.0
942,0.0,0.2774749065456384,0.0
943,0.0,0.29558548176622157,0.0
944,0.0,0.31004956395005795,0.0
945,0.0,0.42825037562609586,0.0
946,0.0,0.504165082747492,0.0
947,0.0,0.3155359645916389,0.0
948,0.0,0.40830889877560567,0.0
949,0.0,0.37880604654429073,0.0
950,0.0,0.38665373640112516,0.0
951,0.0,0.352567346140728,0.0
952,0.0,0.31984386481717764,0.0
953,0.0,0.3589513790061941,0.0
954,0.0,0.31574443730463436,0.0
955,0.0,0.3482904870371368,0.0
956,0.0,0.30999696947619315,0.0
957,0.0,0.4102880807362965,0.0
958,0.0,0.49125078156130464,0.0
959,0.0,0.3234419064133746,0.0
960,0.0,0.367614698224416,0.0
961,0.0,0.4916610570341125,0.0
962,0.0,0.4568971435887682,0.0
963,0.0,0.3736238223089701,0.0
964,0.0,0.3710086041142215,0.0
965,0.0,0.4512676737210245,0.0
966,0.0,0.45901086089824417,0.0
967,0.0,0.40302335962926805,0.0
968,0.0,0.5020804481943251,0.0
969,0.0,0.3896715593967493,0.0
970,0.0,0.5403400191826851,0.0
971,0.0,0.603708247265674,0.0
972,0.0,0.3540151063501511,0.0
973,0.0,0.7609078024153356,0.0
974,0.0,0.5681294168407999,0.0
975,0.0,0.5323638545444845,0.0
976,0.0,0.6907649110687559,0.0
977,0.0,0.43782148518271075,0.0
978,0.0,0.5746746194250074,0.0
979,0.0,0.4381057581274216,0.0
980,0.0,0.573788277146696,0.0
981,0.0,0.5338425369442614,0.0
982,0.0,0.42351487863086146,0.0
983,0.0,0.5381502429408006,0.0
984,0.0,0.7160746234890294,0.0
985,0.0,0.4075479963389821,0.0
986,0.0,0.5434718119147812,0.0
987,0.0,0.6137894570109205,0.0
988,0.0,0.37765958693341883,0.0
989,0.0,0.7576847147009209,0.0
990,0.0,0.5976968482941448,0.0
991,0.0,0.36898274824562355,0.0
992,0.0,0.39878381657351025,0.0
993,0.0,0.4589565008558836,0.0
994,0.0,0.6574618749120665,0.0
995,0.0,0.44385689425394564,0.0
996,0.0,0.4696209296962963,0.0
997,0.0,0.5723130637792685,0.0
998,0.0,0.38986522173725513,0.0
999,0.0,0.42473375561014554,0.0
1000,0.0,0.451109849991046,0.0
1001,0.0,0.3597125446258047,0.0
1002,0.0,0.5710951771457186,0.0
1003,0.0,0.7339580249910337,0.0
1004,0.0,0.4163655261082021,0.0
1005,0.0,0.4633955191924355,0.0
1006,0.0,0.3814932336109047,0.0
1007,0.0,0.6063720067717963,0.0
1008,0.0,0.5786808035427136,0.0
1009,0.0,0.3746277462038628,0.0
1010,0.0,0.5300631536067487,0.0
1011,0.0,0.435072040780797,0.0
1012,0.0,0.4784521979077102,0.0
1013,0.0,0.4252008522967193,0.0
1014,0.0,0.6216179096647271,0.0
1015,0.0,0.5848624721911702,0.0
1016,0.0,0.43978631822848196,0.0
1017,0.0,0.3991856400754948,0.0
1018,0.0,0.4234724174451513,0.0
1019,0.0,0.37521468211996084,0.0
1020,0.0,0.46451464946336224,0.0
1021,0.0,0.533519241899088,0.0
1022,0.0,0.6037948321666865,0.0
1023,0.0,0.48495995009868614,0.0
1024,0.0,0.396619038192715,0.0
1025,0.0,0.4473274777471859,0.0
1026,0.0,0.3677920639031577,0.0
1027,0.0,0.4762841787141712,0.0
1028,0.0,0.4244527658086011,0.0
1029,0.0,0.5468834300374668,0.0
1030,0.0,0.47495511589266864,0.0
1031,0.0,0.6174545132974368,0.0
1032,0.0,0.6705688290750581,0.0
1033,0.0,0.7822285715753129,0.0
1034,0.0,0.5574438431738922,0.0
1035,0.0,0.4397441452015482,0.0
1036,0.0,0.4804810264862308,0.0
1037,0.0,0.3810335625306529,0.0
1038,0.0,0.3980506465132364,0.0
1039,0.0,0.475394059145616,0.0
1040,0.0,0.4344754925392705,0.0
1041,0.0,0.4448321425099025,0.0
1042,0.0,0.48968434359565616,0.0
1043,0.0,0.4177627400251465,0.0
1044,0.0,0.5050528616852721,0.0
1045,0.0,0.6138741084641274,0.0
1046,0.0,0.7004796907008511,0.0
1047,0.0,0.6233679556354212,0.0
1048,0.0,0.499497018092984,0.0
1049,0.0,0.7789192436153468,0.0
1050,0.0,0.9718816371259739,0.0
1051,0.0,0.7445193612415165,0.0
1052,0.0,0.5127692137571068,0.0
1053,0.0,0.5391194580512084,0.0
1054,0.0,0.5968934271445073,0.0
1055,0.0,0.5339466344868622,0.0
1056,0.0,0.7051580261746734,0.0
1057,0.0,0.5003737338606842,0.0
1058,0.0,0.8501611134764165,0.0
1059,0.0,1.168026697346892,0.0
1060,0.0,0.6857489960125903,0.0
1061,0.0,0.6908035709116828,0.0
1062,0.0,1.2036420425473702,0.0
1063,0.0,0.9030594031010122,0.0
1064,0.0,0.5417307148084478,0.0
1065,0.0,1.29969694903328,0.0
1066,0.0,1.2513552009703899,0.0
1067,0.0,0.7781696182788231,0.0
1068,0.0,0.7438790352040204,0.0
1069,0.0,0.9823570123422681,0.0
1070,0.0,0.4429727556108977,0.0
1071,0.0,1.0536939082111136,0.0
1072,0.0,0.633162471179763,0.0
1073,0.0,0.9671532657854444,0.0
1074,0.0,0.869613111743751,0.0
1075,0.0,0.5562015049151989,0.0
1076,0.0,0.9723775324058664,0.0
1077,0.0,0.9633764467074908,0.0
1078,0.0,0.4552460588127646,0.0
1079,0.0,0.5607211094568786,0.0
1080,0.0,0.49482867377922085,0.0
1081,0.0,0.6245688682136076,0.0
1082,0.0,0.5067959822832254,0.0
1083,0.0,0.7648030072930365,0.0
1084,0.0,0.794729151630081,0.0
1085,0.0,0.5722423262327965,0.0
1086,0.0,0.5512828619213666,0.0
1087,0.0,0.8184055532114133,0.0
1088,0.0,0.4183857160707259,0.0
1089,0.0,0.691118598270117,0.0
1090,0.0,0.5769324951325777,0.0
1091,0.0,0.5361378008008131,0.0
1092,0.0,0.5136034696083674,0.0
1093,0.0,0.5899655403051853,0.0
1094,0.0,0.959237515611072,0.0
1095,0.0,0.580230122620007,0.0
1096,0.0,0.6529486911064663,0.0
1097,0.0,0.7548997974290718,0.0
1098,0.0,0.502938117905394,0.0
1099,0.0,0.5896546385341224,0.0
1100,0.0,0.6109362608772139,0.0
1101,0.0,0.6730137196979014,0.0
1102,0.0,0.5956482512046016,0.0
1103,0.0,0.9213227512725429,0.0
1104,0.0,0.5606147187953332,0.0
1105,0.0,0.5938803487457509,0.0
1106,0.0,0.5037593023938932,0.0
1107,0.0,0.7557817165257464,0.0
1108,0.0,0.5217088097222993,0.0
1109,0.0,0.79442374794822,0.0
1110,0.0,0.5588516660815463,0.0
1111,0.0,0.9673933349384397,0.0
1112,0.0,0.7396480817764001,0.0
1113,0.0,0.7398768274696986,0.0
1114,0.0,0.572257220511728,0.0
1115,0.0,0.7285857883903799,0.0
1116,0.0,0.8781688929393409,0.0
1117,0.0,0.6041048290396384,0.0
1118,0.0,0.7115743769500451,0.0
1119,0.0,0.5334931402109611,0.0
1120,0.0,0.6062932073762036,0.0
1121,0.0,0.5290320697569133,0.0
1122,0.0,0.8768056025082747,0.0
1123,0.0,0.5615734825495998,0.0
1124,0.0,0.6689007968207817,0.0
1125,0.0,0.6067412493500675,0.0
1126,0.0,0.6478980020201025,0.0
1127,0.0,0.8834443173097889,0.0
1128,0.0,0.5949034394579173,0.0
1129,0.0,0.9142178156769973,0.0
1130,0.0,0.5422272259114586,0.0
1131,0.0,1.106052997005256,0.0
1132,0.0,0.8600291289726647,0.0
1133,0.0,0.9352475350857496,0.0
1134,0.0,1.1691214938022194,0.0
1135,0.0,0.7832032623224565,0.0
1136,0.0,1.0761144690373712,0.0
1137,0.0,0.5986613856895391,0.0
1138,0.0,0.9599601255417499,0.0
1139,0.0,0.6485056815314624,0.0
1140,0.0,0.7428637697364598,0.0
1141,0.0,0.7244763971060396,0.0
1142,0.0,0.9226953572637154,0.0
1143,0.0,0.717772537532655,0.0
1144,0.0,0.5187931675663499,0.0
1145,0.0,0.8184131268687611,0.0
1146,0.0,0.7459388775358996,0.0
1147,0.0,0.7012772238276385,0.0
1148,0.0,1.0394957453639044,0.0
1149,0.0,0.6362062168217781,0.0
1150,0.0,0.9183625189806993,0.0
1151,0.0,0.5928543925307679,0.0
1152,0.0,0.8350837146731018,0.0
1153,0.0,0.4958851681208287,0.0
1154,0.0,0.7760055974487565,0.0
1155,0.0,0.6000065219242604,0.0
1156,0.0,0.6449828307200294,0.0
1157,0.0,0.5651613484948746,0.0
1158,0.0,0.8065807555546024,0.0
1159,0.0,0.5926083592278837,0.0
1160,0.0,0.7896068470220969,0.0
1161,0.0,0.7083047559485544,0.0
1162,0.0,0.6508192077641283,0.0
1163,0.0,0.5854911587175442,0.0
1164,0.0,0.6962923830188791,0.0
1165,0.0,0.6558799347089995,0.0
1166,0.0,0.6014752885814325,0.0
1167,0.0,0.5659010867945714,0.0
1168,0.0,0.6313378510254021,0.0
1169,0.0,0.6029809736950993,0.0
1170,0.0,0.5903621424611104,0.0
1171,0.0,0.6249962524878783,0.0
1172,0.0,0.6065382481842649,0.0
1173,0.0,0.784496490477372,0.0
1174,0.0,0.5611535718141135,0.0
1175,0.0,0.6769756639005513,0.0
1176,0.0,0.6946406642017946,0.0
1177,0.0,0.6017178098932702,0.0
1178,0.0,0.7000158243541403,0.0
1179,0.0,0.6313349100405778,0.0
1180,0.0,0.7983025800785561,0.0
1181,0.0,0.9270543293132908,0.0
1182,0.0,0.5900787949989293,0.0
1183,0.0,0.7945564393254235,0.0
1184,0.0,0.5029387118172386,0.0
1185,0.0,0.7513921993702009,0.0
1186,0.0,0.5252552791486457,0.0
1187,0.0,0.6757250755390172,0.0
1188,0.0,0.560318518208464,0.0
1189,0.0,0.655720780684238,0.0
1190,0.0,0.6427804968026989,0.0
1191,0.0,0.7431972668163287,0.0
1192,0.0,0.5260801914193067,0.0
1193,0.0,0.6875366041804569,0.0
1194,0.0,0.6330328260215127,0.0
1195,0.0,0.6173861035572819,0.0
1196,0.0,0.581723338212851,0.0
1197,0.0,0.7326950129814708,0.0
1198,0.0,0.6789862536450971,0.0
1199,0.0,0.8306128342637222,0.0
1200,0.0,0.7723829916850634,0.0
1201,0.0,0.5157991165386786,0.0
1202,0.0,0.7149906275932626,0.0
1203,0.0,0.569454355714042,0.0
1204,0.0,0.7000466759738062,0.0
1205,0.0,0.6221355733293591,0.0
1206,0.0,0.7364277541775003,0.0
1207,0.0,0.8633419339438682,0.0
1208,0.0,0.6358895680295505,0.0
1209,0.0,0.6131932507660217,0.0
1210,0.0,0.7363379716972597,0.0
1211,0.0,0.6125874545192665,0.0
1212,0.0,0.685025052468864,0.0
1213,0.0,0.7413570857767452,0.0
1214,0.0,0.7243470277459783,0.0
1215,0.0,0.8947229477548009,0.0
1216,0.0,0.5646591556446147,0.0
1217,0.0,0.9152890204121291,0.0
1218,0.0,0.7401704970968191,0.0
1219,0.0,0.8061644344872465,0.0
1220,0.0,0.7535919339597633,0.0
1221,0.0,0.6036682524718096,0.0
1222,0.0,0.7044749870524427,0.0
1223,0.0,0.7708698541922266,0.0
1224,0.0,0.562184119484041,0.0
1225,0.0,0.8705821159917733,0.0
1226,0.0,0.9068203994918772,0.0
1227,0.0,0.7123077627913926,0.0
1228,0.0,0.5819124231911171,0.0
1229,0.0,0.735575260167617,0.0
1230,0.0,0.6734063901847945,0.0
1231,0.0,0.6736693386379182,0.0
1232,0.0,0.5936242022612487,0.0
1233,0.0,0.5955136936255118,0.0
1234,0.0,0.5450233454281375,0.0
1235,0.0,0.5682938629225912,0.0
1236,0.0,0.6311720815340455,0.0
1237,0.0,0.5982450254754211,0.0
1238,0.0,0.5997793190930497,0.0
1239,0.0,0.6771292666367011,0.0
1240,0.0,0.6753785294922179,0.0
1241,0.0,0.6587163438439434,0.0
1242,0.0,0.793914088530339,0.0
1243,0.0,0.8185453939955794,0.0
1244,0.0,0.7275304238080346,0.0
1245,0.0,0.9199052518214733,0.0
1246,0.0,0.9841179477668244,0.0
1247,0.0,0.9452046900893347,0.0
1248,0.0,0.7966366360725563,0.0
1249,0.0,0.8528840988357357,0.0
1250,0.0,0.7620770552731495,0.0
1251,0.0,1.0329775086696742,0.0
1252,0.0,0.7207266290986242,0.0
1253,0.0,0.9573638427500307,0.0
1254,0.0,0.609541543337172,0.0
1255,0.0,0.8788312303585348,0.0
1256,0.0,0.6591576040741696,0.0
1257,0.0,0.8947092938575993,0.0
1258,0.0,0.6288720345244655,0.0
1259,0.0,0.8193187716353799,0.0
1260,0.0,0.7640107193565302,0.0
1261,0.0,0.8398403359615961,0.0
1262,0.0,0.9867765909523458,0.0
1263,0.0,0.6888453194241242,0.0
1264,0.0,0.9927253897453021,0.0
1265,0.0,0.6572683316620327,0.0
1266,0.0,0.8910732290517115,0.0
1267,0.0,0.6573563139661722,0.0
1268,0.0,0.7292413666356311,0.0
1269,0.0,0.7745082667992593,0.0
1270,0.0,0.8707589426652138,0.0
1271,0.0,0.6987446195468917,0.0
1272,0.0,1.0550071484828505,0.0
1273,0.0,0.6707880084403677,0.0
1274,0.0,0.8866704932251677,0.0
1275,0.0,0.8128385680336083,0.0
1276,0.0,0.9833883652641379,0.0
1277,0.0,0.719941771214131,0.0
1278,0.0,1.0849974097825692,0.0
1279,0.0,0.8929456105348625,0.0
1280,0.0,0.8554208830394189,0.0
1281,0.0,0.9105196178318599,0.0
1282,0.0,0.7063212706993671,0.0
1283,0.0,1.0150649489773647,0.0
1284,0.0,0.681950875793828,0.0
1285,0.0,0.8286547144777544,0.0
1286,0.0,0.7599105769816699,0.0
1287,0.0,0.8822846785440229,0.0
1288,0.0,0.7449008926198889,0.0
1289,0.0,0.6583633660177411,0.0
1290,0.0,0.8155918613602922,0.0
1291,0.0,0.7080793883170384,0.0
1292,0.0,0.7610408022223387,0.0
1293,0.0,0.8522222412797953,0.0
1294,0.0,0.6663688444543038,0.0
1295,0.0,0.8107943720967593,0.0
1296,0.0,0.5086983892103304,0.0
1297,0.0,0.5978212917260507,0.0
1298,0.0,0.6546078574900074,0.0
1299,0.0,0.6870833627098315,0.0
1300,0.0,0.6353875418381937,0.0
1301,0.0,0.5916381194791539,0.0
1302,0.0,0.5927878341773993,0.0
1303,0.0,0.625350816736852,0.0
1304,0.0,0.6063144434289774,0.0
1305,0.0,0.5693875298347743,0.0
1306,0.0,0.6611038450425334,0.0
1307,0.0,0.8989190513695083,0.0
1308,0.0,0.7087947863403673,0.0
1309,0.0,0.7036325964153758,0.0
1310,0.0,0.6872017451466013,0.0
1311,0.0,0.6272467732257626,0.0
1312,0.0,0.6204509889916969,0.0
1313,0.0,0.6682407948036878,0.0
1314,0.0,0.5976611412006487,0.0
1315,0.0,0.6558318563571168,0.0
1316,0.0,0.5990265851695263,0.0
1317,0.0,0.7061438900451315,0.0
1318,0.0,0.7495551587365701,0.0
1319,0.0,0.7569203026978724,0.0
1320,0.0,0.7841323805890326,0.0
1321,0.0,0.7282597040938089,0.0
1322,0.0,0.6770302489205611,0.0
1323,0.0,0.651945262828991,0.0
1324,0.0,0.7962543192867066,0.0
1325,0.0,0.7067837629590699,0.0
1326,0.0,0.6533756767330552,0.0
1327,0.0,0.6553512508450372,0.0
1328,0.0,0.6200411042036371,0.0
1329,0.0,0.6146493265226649,0.0
1330,0.0,0.7280462775592117,0.0
1331,0.0,0.7241295479278003,0.0
1332,0.0,0.6700181595106478,0.0
1333,0.0,0.7481281940817728,0.0
1334,0.0,0.6793704973797019,0.0
1335,0.0,0.6863776881167633,0.0
1336,0.0,0.6977921452764752,0.0
1337,0.0,0.7311797115776768,0.0
1338,0.0,0.6738979544791633,0.0
1339,0.0,0.6352191940542594,0.0
1340,0.0,0.6100066065550218,0.0
1341,0.0,0.6477037218209272,0.0
1342,0.0,0.7396207744410869,0.0
1343,0.0,0.6549629174481125,0.0
1344,0.0,0.7776452930401854,0.0
1345,0.0,0.6467951521480636,0.0
1346,0.0,0.6195048455810637,0.0
1347,0.0,0.7536385355660116,0.0
1348,0.0,0.701438866420761,0.0
1349,0.0,0.794466779191874,0.0
1350,0.0,0.6070939648410826,0.0
1351,0.0,0.9972858967838096,0.0
1352,0.0,0.6256137089164475,0.0
1353,0.0,1.067935978650117,0.0
1354,0.0,0.8096777373839019,0.0
1355,0.0,0.7886470643183366,0.0
1356,0.0,0.9042860401796953,0.0
1357,0.0,0.7286766709470757,0.0
1358,0.0,0.8654638333464054,0.0
1359,0.0,0.8472432722560791,0.0
1360,0.0,0.6267151068850956,0.0
1361,0.0,0.7534070859323244,0.0
1362,0.0,0.7326076359370189,0.0
1363,0.0,0.7537266135773049,0.0
1364,0.0,0.6567285324751555,0.0
1365,0.0,0.783774746594224,0.0
1366,0.0,0.6917416821409904,0.0
1367,0.0,0.6484776834613715,0.0
1368,0.0,0.8479769341540674,0.0
1369,0.0,0.6800037880725841,0.0
1370,0.0,0.7985843562320015,0.0
1371,0.0,0.8123385331519772,0.0
1372,0.0,0.6974279303139873,0.0
1373,0.0,0.826469431488921,0.0
1374,0.0,0.6417447742311148,0.0
1375,0.0,0.6733436308981025,0.0
1376,0.0,0.6215582919770277,0.0
1377,0.0,0.5934840827266896,0.0
1378,0.0,0.6407673263608726,0.0
1379,0.0,0.6550358988177198,0.0
1380,0.0,0.6468802576191666,0.0
1381,0.0,0.6017887046158545,0.0
1382,0.0,0.7017216324613453,0.0
1383,0.0,0.7762405228686933,0.0
1384,0.0,0.6585065677881831,0.0
1385,0.0,1.0203680831862452,0.0
1386,0.0,0.6733620083417724,0.0
1387,0.0,0.7250997870050496,0.0
1388,0.0,0.916308981280239,0.0
1389,0.0,0.7909662349298334,0.0
1390,0.0,0.6800156009630429,0.0
1391,0.0,0.7129955254436845,0.0
1392,0.0,0.6906047562786558,0.0
1393,0.0,0.5837039196091023,0.0
1394,0.0,0.8296175823547508,0.0
1395,0.0,0.5700549776241958,0.0
1396,0.0,0.6123567586614507,0.0
1397,0.0,0.6838564346372541,0.0
1398,0.0,0.6447274020602056,0.0
1399,0.0,0.6928436495927027,0.0
1400,0.0,0.6293621312200628,0.0
1401,0.0,0.6900961202325397,0.0
1402,0.0,0.6456562076386705,0.0
1403,0.0,0.6251513727393929,0.0
1404,0.0,0.6736197874410302,0.0
1405,0.0,0.674653468529073,0.0
1406,0.0,0.6718390729563968,0.0
1407,0.0,0.5809387947454734,0.0
1408,0.0,0.5028509353234921,0.0
1409,0.0,0.6586372313211732,0.0
1410,0.0,0.5269373798115499,0.0
1411,0.0,0.7186349704301581,0.0
1412,0.0,0.6484849055460256,0.0
1413,0.0,0.6006254507783992,0.0
1414,0.0,0.6666306588080271,0.0
1415,0.0,0.6973842307708753,0.0
1416,0.0,0.6575078515778343,0.0
1417,0.0,0.6856177949781409,0.0
1418,0.0,0.7283303831651322,0.0
1419,0.0,0.7716614243999841,0.0
1420,0.0,0.7505530144880019,0.0
1421,0.0,0.8373443269125178,0.0
1422,0.0,0.7816061532266407,0.0
1423,0.0,0.8986378972442151,0.0
1424,0.0,0.75862817518485,0.0
1425,0.0,0.7605183271124839,0.0
1426,0.0,0.5706285838005526,0.0
1427,0.0,0.8410519776375845,0.0
1428,0.0,0.8040045897141592,0.0
1429,0.0,0.7054922657349678,0.0
1430,0.0,0.6547303298455895,0.0
1431,0.0,0.6683025929726817,0.0
1432,0.0,0.6574587929998247,0.0
1433,0.0,0.8364856941376707,0.0
1434,0.0,0.8094220443895881,0.0
1435,0.0,0.6410853198472386,0.0
1436,0.0,0.7577074132582756,0.0
1437,0.0,0.7620014276413476,0.0
1438,0.0,0.6777484328343184,0.0
1439,0.0,0.717476223647049,0.0
1440,0.0,0.59444907718209,0.0
1441,0.0,0.6813784695793171,0.0
1442,0.0,0.6017857350027161,0.0
1443,0.0,0.7044162015847972,0.0
1444,0.0,0.6655226402885785,0.0
1445,0.0,0.7693977851747749,0.0
1446,0.0,0.65906682766294,0.0
1447,0.0,0.6668333373604367,0.0
1448,0.0,0.5838279541046928,0.0
1449,0.0,0.684487308043497,0.0
1450,0.0,0.9484936910459169,0.0
1451,0.0,0.7024654747624209,0.0
1452,0.0,0.9136017460842136,0.0
1453,0.0,0.6993912997510895,0.0
1454,0.0,0.9618787506231176,0.0
1455,0.0,0.6614908715466833,0.0
1456,0.0,0.7571706128975542,0.0
1457,0.0,0.6588709642762353,0.0
1458,0.0,0.9276117897570343,0.0
1459,0.0,0.6700609205917877,0.0
1460,0.0,0.957939914038949,0.0
1461,0.0,0.6669217770207567,0.0
1462,0.0,0.8456059347044841,0.0
1463,0.0,0.5814840520276194,0.0
1464,0.0,0.7526539638162707,0.0
1465,0.0,0.7692356767884497,0.0
1466,0.0,0.6702797014268995,0.0
1467,0.0,0.8078588409658347,0.0
1468,0.0,0.6474078868465856,0.0
1469,0.0,0.7344937113646582,0.0
1470,0.0,0.6783290218224807,0.0
1471,0.0,0.9075667109383783,0.0
1472,0.0,0.5889233806870949,0.0
1473,0.0,0.5814756068198693,0.0
1474,0.0,0.6429347484017547,0.0
1475,0.0,0.5560362688485359,0.0
1476,0.0,0.5109119727469099,0.0
1477,0.0,0.5739827219470012,0.0
1478,0.0,0.6269557112337544,0.0
1479,0.0,0.6981121507973206,0.0
1480,0.0,0.6697208333385896,0.0
1481,0.0,0.7870534869780454,0.0
1482,0.0,0.6091810667692259,0.0
1483,0.0,0.7132116520971704,0.0
1484,0.0,0.7679148366120184,0.0
1485,0.0,0.8024712217981036,0.0
1486,0.0,0.7689605615898745,0.0
1487,0.0,0.6371213740428049,0.0
1488,0.0,0.611040632363322,0.0
1489,0.0,0.5682191157611424,0.0
1490,0.0,0.6945244255127578,0.0
1491,0.0,0.5721820312742159,0.0
1492,0.0,0.7185599393726919,0.0
1493,0.0,0.5727388561728317,0.0
1494,0.0,0.5359461592542889,0.0
1495,0.0,0.7944425921709543,0.0
1496,0.0,0.8114877279486614,0.0
1497,0.0,1.0536435737153527,0.0
1498,0.0,0.7957539763257375,0.0
1499,0.0,0.8581872894889259,0.0
1500,0.0,0.6450715366989938,0.0
1501,0.0,0.7889203234694926,0.0
1502,0.0,0.6503996487120066,0.0
1503,0.0,0.7400261047794143,0.0
1504,0.0,0.500329725684574,0.0
1505,0.0,0.6017261149284013,0.0
1506,0.0,0.5926457655337587,0.0
1507,0.0,0.5638365848176543,0.0
1508,0.0,0.7116069063640612,0.0
1509,0.0,0.6348579122020712,0.0
1510,0.0,0.644288811798038,0.0
1511,0.0,0.703243656789264,0.0
1512,0.0,0.7317309961204839,0.0
1513,0.0,0.5829327090401327,0.0
1514,0.0,0.5778948680924826,0.0
1515,0.0,0.6484672728078572,0.0
1516,0.0,0.6798896570500891,0.0
1517,0.0,0.7597139173391673,0.0
1518,0.0,0.6235626945904207,0.0
1519,0.0,0.7252358656529035,0.0
1520,0.0,0.5745955861491296,0.0
1521,0.0,0.5371529831903115,0.0
1522,0.0,0.6400297043893806,0.0
1523,0.0,0.6427201585763211,0.0
1524,0.0,0.57964980675204,0.0
1525,0.0,0.5647057014424116,0.0
1526,0.0,0.6272915999396238,0.0
1527,0.0,0.5668479986606617,0.0
1528,0.0,0.6662813279633147,0.0
1529,0.0,0.6326661513642912,0.0
1530,0.0,0.6287709606998135,0.0
1531,0.0,0.5691818293293768,0.0
1532,0.0,0.6985388575600748,0.0
1533,0.0,0.6749506251457049,0.0
1534,0.0,0.7362832001611267,0.0
1535,0.0,0.6153992296422064,0.0
1536,0.0,0.6376088016844191,0.0
1537,0.0,0.6762136832690752,0.0
1538,0.0,0.6675436735748754,0.0
1539,0.0,0.5827442024460447,0.0
1540,0.0,0.6140133732725431,0.0
1541,0.0,0.621924611366017,0.0
1542,0.0,0.6108925416504152,0.0
1543,0.0,0.5223733582234508,0.0
1544,0.0,0.7677815621475103,0.0
1545,0.0,0.6741185830708444,0.0
1546,0.0,0.6972381097290483,0.0
1547,0.0,0.6988940051317322,0.0
1548,0.0,0.7149234815638214,0.0
1549,0.0,0.6221783630474074,0.0
1550,0.0,0.6506610178980903,0.0
1551,0.0,0.7488748031073316,0.0
1552,0.0,0.48788052600702014,0.0
1553,0.0,0.5473862495612607,0.0
1554,0.0,0.7436825188355356,0.0
1555,0.0,0.5633753648230422,0.0
1556,0.0,0.6804699683753103,0.0
1557,0.0,0.6353789726629224,0.0
1558,0.0,0.7939462564469902,0.0
1559,0.0,0.6925986190326769,0.0
1560,0.0,0.6740758345192164,0.0
1561,0.0,0.6875294786431682,0.0
1562,0.0,0.6928221428251685,0.0
1563,0.0,0.7045792009334614,0.0
1564,0.0,0.6213345314423988,0.0
1565,0.0,0.6801780536706118,0.0
1566,0.0,0.684631945653906,0.0
1567,0.0,0.6246485422214945,0.0
1568,0.0,0.562804773890923,0.0
1569,0.0,0.6186164624146002,0.0
1570,0.0,0.5904504176855988,0.0
1571,0.0,0.5447175443186307,0.0
1572,0.0,0.7020474540893292,0.0
1573,0.0,0.5318608086960683,0.0
1574,0.0,0.592711879039013,0.0
1575,0.0,0.7850347976092857,0.0
1576,0.0,0.7549509380337264,0.0
1577,0.0,0.5826271135998143,0.0
1578,0.0,0.5734236656065823,0.0
1579,0.0,0.6958174331686838,0.0
1580,0.0,0.7958549924861626,0.0
1581,0.0,0.65512780572839,0.0
1582,0.0,0.7185116753612567,0.0
1583,0.0,0.5926782287423461,0.0
1584,0.0,0.8921568400623814,0.0
1585,0.0,0.5811877127950776,0.0
1586,0.0,0.5532491723525382,0.0
1587,0.0,0.6081978050984993,0.0
1588,0.0,0.5570310229866801,0.0
1589,0.0,0.518121964500838,0.0
1590,0.0,0.5993257297002499,0.0
1591,0.0,0.5363341197820665,0.0
1592,0.0,0.7245451586880203,0.0
1593,0.0,0.5905709049736799,0.0
1594,0.0,0.647143936001115,0.0
1595,0.0,0.4940594970371838,0.0
1596,0.0,0.5938696717262791,0.0
1597,0.0,0.6434157047395337,0.0
1598,0.0,0.5954133197764278,0.0
1599,0.0,0.7918005918616282,0.0
1600,0.0,0.5535025575191299,0.0
1601,0.0,0.5662373402488153,0.0
1602,0.0,0.4682771376839106,0.0
1603,0.0,0.5343086271262016,0.0
1604,0.0,0.5791834862240245,0.0
1605,0.0,0.581179692340514,0.0
1606,0.0,0.6756132654388716,0.0
1607,0.0,0.5826506974976208,0.0
1608,0.0,0.7671925126048892,0.0
1609,0.0,0.6478852854982906,0.0
1610,0.0,0.5758569598006081,0.0
1611,0.0,0.6016554271308074,0.0
1612,0.0,0.6240959941561511,0.0
1613,0.0,0.6048859458928859,0.0
1614,0.0,0.6413897818822047,0.0
1615,0.0,0.5713474045770541,0.0
1616,0.0,0.5214334543496705,0.0
1617,0.0,0.48547141981453784,0.0
1618,0.0,0.5098655665160781,0.0
1619,0.0,0.6341266034680031,0.0
1620,0.0,0.5898321465446086,0.0
1621,0.0,0.6228867721787045,0.0
1622,0.0,0.5561127675193418,0.0
1623,0.0,0.6150078283786257,0.0
1624,0.0,0.6509317192400814,0.0
1625,0.0,0.5947255030817784,0.0
1626,0.0,0.5711155642873504,0.0
1627,0.0,0.6179920605323668,0.0
1628,0.0,0.5531475627933155,0.0
1629,0.0,0.5767176634326918,0.0
1630,0.0,0.6490471416274107,0.0
1631,0.0,0.6160867471194457,0.0
1632,0.0,0.43552815636140163,0.0
1633,0.0,0.5700036444276224,0.0
1634,0.0,0.6376634719141846,0.0
1635,0.0,0.5356047069842385,0.0
1636,0.0,0.4694679864897613,0.0
1637,0.0,0.6965647502253863,0.0
1638,0.0,0.5952998082831508,0.0
1639,0.0,0.6216504358832621,0.0
1640,0.0,0.7827380063211561,0.0
1641,0.0,0.7112225032390651,0.0
1642,0.0,0.7996644410399275,0.0
1643,0.0,0.5834377197193239,0.0
1644,0.0,0.9668877793128302,0.0
1645,0.0,0.7419764253527348,0.0
1646,0.0,0.8418052773557364,0.0
1647,0.0,0.713679005029679,0.0
1648,0.0,0.9489167077762428,0.0
1649,0.0,0.7653567676682459,0.0
1650,0.0,0.6755074293096076,0.0
1651,0.0,0.8677120379610087,0.0
1652,0.0,0.6589231351094543,0.0
1653,0.0,0.7554172645573558,0.0
1654,0.0,0.607222451083163,0.0
1655,0.0,0.783626852403941,0.0
1656,0.0,0.7539036942921072,0.0
1657,0.0,0.6666167926480282,0.0
1658,0.0,0.7926527477403983,0.0
1659,0.0,0.7975888346411877,0.0
1660,0.0,0.7271991353981757,0.0
1661,0.0,0.7378291015736356,0.0
1662,0.0,0.7943437537708442,0.0
1663,0.0,0.6279976520808669,0.0
1664,0.0,0.46759134464688007,0.0
1665,0.0,0.690995935753613,0.0
1666,0.0,0.5970452639176291,0.0
1667,0.0,0.7123661331586734,0.0
1668,0.0,0.5418666280990817,0.0
1669,0.0,0.6147898051458546,0.0
1670,0.0,0.6308911906363813,0.0
1671,0.0,0.5938232229113164,0.0
1672,0.0,0.4645160743526221,0.0
1673,0.0,0.5575388662794027,0.0
1674,0.0,0.7411564362329995,0.0
1675,0.0,0.6517130587272517,0.0
1676,0.0,0.8512110884057799,0.0
1677,0.0,0.5211025429319122,0.0
1678,0.0,0.6169667239466924,0.0
1679,0.0,0.6148459188151778,0.0
1680,0.0,0.45892901637865074,0.0
1681,0.0,0.4699083188500423,0.0
1682,0.0,0.5945629109656292,0.0
1683,0.0,0.6780230140437907,0.0
1684,0.0,0.6060827455997524,0.0
1685,0.0,0.5720939841222655,0.0
1686,0.0,0.5269311654501628,0.0
1687,0.0,0.5300627311919063,0.0
1688,0.0,0.5567564614074643,0.0
1689,0.0,0.594407158857722,0.0
1690,0.0,0.5505116407852333,0.0
1691,0.0,0.5846639030224772,0.0
1692,0.0,0.5392660408460214,0.0
1693,0.0,0.598207232595034,0.0
1694,0.0,0.621766706986784,0.0
1695,0.0,0.6263516881057345,0.0
1696,0.0,0.4824703024382674,0.0
1697,0.0,0.4024119043109109,0.0
1698,0.0,0.4769658177713477,0.0
1699,0.0,0.5367517757315157,0.0
1700,0.0,0.47773231826650053,0.0
1701,0.0,0.5926323378655053,0.0
1702,0.0,0.5403614577875115,0.0
1703,0.0,0.5611892035635921,0.0
1704,0.0,0.5441354168217666,0.0
1705,0.0,0.6285446861659024,0.0
1706,0.0,0.5813605684201476,0.0
1707,0.0,0.5607090855268954,0.0
1708,0.0,0.544332587671641,0.0
1709,0.0,0.590992311482874,0.0
1710,0.0,0.5804418807568205,0.0
1711,0.0,0.6449734277312238,0.0
1712,0.0,0.5630347910184342,0.0
1713,0.0,0.6160026265314066,0.0
1714,0.0,0.5207085190236069,0.0
1715,0.0,0.7074471612523254,0.0
1716,0.0,0.5871892481287567,0.0
1717,0.0,0.4843013216136268,0.0
1718,0.0,0.5843577458548966,0.0
1719,0.0,0.5300659705560032,0.0
1720,0.0,0.718765024289256,0.0
1721,0.0,0.5713279848618182,0.0
1722,0.0,0.7150569980044359,0.0
1723,0.0,0.7024860201329786,0.0
1724,0.0,0.6054630529671081,0.0
1725,0.0,0.8323967880325619,0.0
1726,0.0,0.6778357608736425,0.0
1727,0.0,1.0018097303414741,0.0
1728,0.0,0.5362555080995256,0.0
1729,0.0,0.5962927089359973,0.0
1730,0.0,0.6962099792249459,0.0
1731,0.0,0.5912231822389121,0.0
1732,0.0,0.5560817636647017,0.0
1733,0.0,0.602700352249475,0.0
1734,0.0,0.7203688615648606,0.0
1735,0.0,0.6027816400973856,0.0
1736,0.0,0.5519877544498677,0.0
1737,0.0,0.5370622791793453,0.0
1738,0.0,0.6171117338771499,0.0
1739,0.0,0.5735896838700193,0.0
1740,0.0,0.5751435207909837,0.0
1741,0.0,0.5921209342205026,0.0
1742,0.0,0.5936573964097667,0.0
1743,0.0,0.517612355942654,0.0
1744,0.0,0.5474399575316375,0.0
1745,0.0,0.46035038575349624,0.0
1746,0.0,0.49131683389545755,0.0
1747,0.0,0.502524115021687,0.0
1748,0.0,0.4548811080036565,0.0
1749,0.0,0.5354294431235382,0.0
1750,0.0,0.5517585460847391,0.0
1751,0.0,0.5935135098452698,0.0
1752,0.0,0.46385818344659363,0.0
1753,0.0,0.4933780634611515,0.0
1754,0.0,0.6349538839663783,0.0
1755,0.0,0.5435312627369935,0.0
1756,0.0,0.47204302810893023,0.0
1757,0.0,0.5572062380125107,0.0
1758,0.0,0.6361711171289458,0.0
1759,0.0,0.5577850525567669,0.0
1760,0.0,0.5336255128666647,0.0
1761,0.0,0.575593640766547,0.0
1762,0.0,0.4772701385436138,0.0
1763,0.0,0.6363162710373262,0.0
1764,0.0,0.5741802256652471,0.0
1765,0.0,0.48316126249850994,0.0
1766,0.0,0.5866337278546859,0.0
1767,0.0,0.5489011690790306,0.0
1768,0.0,0.5888747614802693,0.0
1769,0.0,0.5498717437700071,0.0
1770,0.0,0.5650992652454948,0.0
1771,0.0,0.5130599107082652,0.0
1772,0.0,0.6171179604989551,0.0
1773,0.0,0.5822139430292921,0.0
1774,0.0,0.5398667292538109,0.0
1775,0.0,0.6103676022266041,0.0
1776,0.0,0.45828311169671043,0.0
1777,0.0,0.5465359786758738,0.0
1778,0.0,0.5259382751967325,0.0
1779,0.0,0.4949502544811106,0.0
1780,0.0,0.5439482422407504,0.0
1781,0.0,0.6514601630829057,0.0
1782,0.0,0.7422306976885402,0.0
1783,0.0,0.5286875980011684,0.0
1784,0.0,0.5431795100046106,0.0
1785,0.0,0.6212245504611014,0.0
1786,0.0,0.5886615408835218,0.0
1787,0.0,0.6590917924099439,0.0
1788,0.0,0.48300962829983535,0.0
1789,0.0,0.6671895611435574,0.0
1790,0.0,0.6031286697317142,0.0
1791,0.0,0.5797095687204121,0.0
1792,0.0,0.538951719613329,0.0
1793,0.0,0.5043132825062895,0.0
1794,0.0,0.5328807665823212,0.0
1795,0.0,0.5489931064330846,0.0
1796,0.0,0.575884819823965,0.0
1797,0.0,0.5526347865266571,0.0
1798,0.0,0.47996046058905734,0.0
1799,0.0,0.5211374711527527,0.0
1800,0.0,0.6656016967948282,0.0
1801,0.0,0.5018506497489721,0.0
1802,0.0,0.5661537232774533,0.0
1803,0.0,0.5031534946190168,0.0
1804,0.0,0.5412717563940702,0.0
1805,0.0,0.5797748345561228,0.0
1806,0.0,0.5454781888749727,0.0
1807,0.0,0.6608053642609729,0.0
1808,0.0,0.3985015004414899,0.0
1809,0.0,0.47739387301382386,0.0
1810,0.0,0.5410985478737419,0.0
1811,0.0,0.41732650123158715,0.0
1812,0.0,0.47764540814104517,0.0
1813,0.0,0.4977361989915646,0.0
1814,0.0,0.41504164985648007,0.0
1815,0.0,0.5063868294004891,0.0
1816,0.0,0.5668111363432389,0.0
1817,0.0,0.5187817479238228,0.0
1818,0.0,0.5560696580018903,0.0
1819,0.0,0.6135185508432613,0.0
1820,0.0,0.533060081468912,0.0
1821,0.0,0.5938565920388147,0.0
1822,0.0,0.5805355923971492,0.0
1823,0.0,0.5489704302527398,0.0
1824,0.0,0.3635057334240561,0.0
1825,0.0,0.47577302950897454,0.0
1826,0.0,0.4627014754671405,0.0
1827,0.0,0.48554720488964387,0.0
1828,0.0,0.4932823496624091,0.0
1829,0.0,0.5052106213454862,0.0
1830,0.0,0.5321968783971195,0.0
1831,0.0,0.5538909344086759,0.0
1832,0.0,0.5663917547597481,0.0
1833,0.0,0.4888645831857026,0.0
1834,0.0,0.5865504577860838,0.0
1835,0.0,0.5256798474201059,0.0
1836,0.0,0.4768066432672642,0.0
1837,0.0,0.6726186251406369,0.0
1838,0.0,0.5322851901323824,0.0
1839,0.0,0.5740534489044222,0.0
1840,0.0,0.3693708356438427,0.0
1841,0.0,0.40339501353018725,0.0
1842,0.0,0.5258312270173867,0.0
1843,0.0,0.4286104876328845,0.0
1844,0.0,0.4997566085087975,0.0
1845,0.0,0.5467579395966613,0.0
1846,0.0,0.4794304502694775,0.0
1847,0.0,0.5489445780339142,0.0
1848,0.0,0.5186948113921198,0.0
1849,0.0,0.6839528302385941,0.0
1850,0.0,0.604766903151772,0.0
1851,0.0,0.6631382640292531,0.0
1852,0.0,0.4673364286817701,0.0
1853,0.0,0.5802705035732352,0.0
1854,0.0,0.5739990993290122,0.0
1855,0.0,0.6973036315517338,0.0
1856,0.0,0.4796066009896196,0.0
1857,0.0,0.5823594969722204,0.0
1858,0.0,0.4916740386297002,0.0
1859,0.0,0.5170338618538142,0.0
1860,0.0,0.5967456486112469,0.0
1861,0.0,0.501506039855608,0.0
1862,0.0,0.5609853666916971,0.0
1863,0.0,0.5579204424709303,0.0
1864,0.0,0.5933829491323187,0.0
1865,0.0,0.5078141789361504,0.0
1866,0.0,0.6193923403184921,0.0
1867,0.0,0.5914500369957293,0.0
1868,0.0,0.6324865029578801,0.0
1869,0.0,0.5815407526038906,0.0
1870,0.0,0.6487141988749301,0.0
1871,0.0,0.6217117181874807,0.0
1872,0.0,0.5126160687588259,0.0
1873,0.0,0.4769287173287518,0.0
1874,0.0,0.4947538231581038,0.0
1875,0.0,0.5295844972459057,0.0
1876,0.0,0.5259072749713177,0.0
1877,0.0,0.5653390011498438,0.0
1878,0.0,0.557887625536442,0.0
1879,0.0,0.5588048617923421,0.0
1880,0.0,0.4822432337139372,0.0
1881,0.0,0.5593164898186269,0.0
1882,0.0,0.457095418773751,0.0
1883,0.0,0.4744749866333661,0.0
1884,0.0,0.5742741865612511,0.0
1885,0.0,0.5759811523600329,0.0
1886,0.0,0.7150705928875223,0.0
1887,0.0,0.7303262115885741,0.0
1888,0.0,0.4555628130054249,0.0
1889,0.0,0.5840115631195811,0.0
1890,0.0,0.5837107762874056,0.0
1891,0.0,0.4977672191985849,0.0
1892,0.0,0.6632763175559063,0.0
1893,0.0,0.45758405872437663,0.0
1894,0.0,0.5512868317645155,0.0
1895,0.0,0.47126694632139593,0.0
1896,0.0,0.5368406442573422,0.0
1897,0.0,0.5455539895960887,0.0
1898,0.0,0.5619328011607778,0.0
1899,0.0,0.5081776459068273,0.0
1900,0.0,0.559858068309143,0.0
1901,0.0,0.5067918961422144,0.0
1902,0.0,0.4526268435895946,0.0
1903,0.0,0.5368769229593283,0.0
1904,0.0,0.3948766217434746,0.0
1905,0.0,0.4234779209739063,0.0
1906,0.0,0.42938285213415894,0.0
1907,0.0,0.518997966368166,0.0
1908,0.0,0.5151126753229435,0.0
1909,0.0,0.4433102126911817,0.0
1910,0.0,0.5271125724541201,0.0
1911,0.0,0.5115813239201839,0.0
1912,0.0,0.555353798950742,0.0
1913,0.0,0.5172984959184983,0.0
1914,0.0,0.4834289355017723,0.0
1915,0.0,0.6196142358864392,0.0
1916,0.0,0.5865718975018513,0.0
1917,0.0,0.6610466935148217,0.0
1918,0.0,0.5279016207476706,0.0
1919,0.0,0.5778603623085813,0.0
1920,0.0,0.4511752792743003,0.0
1921,0.0,0.47371703350861527,0.0
1922,0.0,0.42402783799293803,0.0
1923,0.0,0.4715123509332078,0.0
1924,0.0,0.6025823796446207,0.0
1925,0.0,0.48632488519217865,0.0
1926,0.0,0.46101017256412763,0.0
1927,0.0,0.35062338481328514,0.0
1928,0.0,0.5517638066822649,0.0
1929,0.0,0.5033742965399078,0.0
1930,0.0,0.581711883805916,0.0
1931,0.0,0.5173192482468801,0.0
1932,0.0,0.6354979097190416,0.0
1933,0.0,0.6231017362217953,0.0
1934,0.0,0.5485903941173537,0.0
1935,0.0,0.6415762789314453,0.0
1936,0.0,0.4296666894267914,0.0
1937,0.0,0.4361618105128157,0.0
1938,0.0,0.46938180423331854,0.0
1939,0.0,0.388980951394838,0.0
1940,0.0,0.5481993418545001,0.0
1941,0.0,0.5159452101331189,0.0
1942,0.0,0.5057861744466318,0.0
1943,0.0,0.6507117772814017,0.0
1944,0.0,0.5117543853247568,0.0
1945,0.0,0.4592340186914651,0.0
1946,0.0,0.6304271938629813,0.0
1947,0.0,0.5507781389120361,0.0
1948,0.0,0.6215311179488339,0.0
1949,0.0,0.4932056726308533,0.0
1950,0.0,0.5398585274708037,0.0
1951,0.0,0.49898577988271375,0.0
1952,0.0,0.5699675464650839,0.0
1953,0.0,0.3985683270983328,0.0
1954,0.0,0.4663946672650914,0.0
1955,0.0,0.5753847969439335,0.0
1956,0.0,0.4484022718031813,0.0
1957,0.0,0.4900249410079488,0.0
1958,0.0,0.5724545794020204,0.0
1959,0.0,0.43717074037100817,0.0
1960,0.0,0.5610343727249947,0.0
1961,0.0,0.4618795334247904,0.0
1962,0.0,0.5167684237308963,0.0
1963,0.0,0.49740798522589147,0.0
1964,0.0,0.5789042098507134,0.0
1965,0.0,0.5855365848539302,0.0
1966,0.0,0.5834693367061845,0.0
1967,0.0,0.5274066013858367,0.0
1968,0.0,0.32971268942836196,0.0
1969,0.0,0.41128239165196473,0.0
1970,0.0,0.5236939963929583,0.0
1971,0.0,0.3789116573057211,0.0
1972,0.0,0.46330545678888757,0.0
1973,0.0,0.5404500384446944,0.0
1974,0.0,0.47644394531356926,0.0
1975,0.0,0.6094162681655397,0.0
1976,0.0,0.5232394723806432,0.0
1977,0.0,0.5570156442938536,0.0
1978,0.0,0.646065908078642,0.0
1979,0.0,0.48491438323009817,0.0
1980,0.0,0.5764703245298134,0.0
1981,0.0,0.4779348719724705,0.0
1982,0.0,0.48000512952499247,0.0
1983,0.0,0.6247476971888019,0.0
1984,0.0,0.3338563920266852,0.0
1985,0.0,0.4588668962517473,0.0
1986,0.0,0.4474573965539216,0.0
1987,0.0,0.46342968790356,0.0
1988,0.0,0.4505591670343354,0.0
1989,0.0,0.44737413706548246,0.0
1990,0.0,0.45447693988801274,0.0
1991,0.0,0.5117894628118166,0.0
1992,0.0,0.6210144695601044,0.0
1993,0.0,0.5353819247789435,0.0
1994,0.0,0.4374192383721891,0.0
1995,0.0,0.4796329610377491,0.0
1996,0.0,0.5485151457234135,0.0
1997,0.0,0.6257622799047097,0.0
1998,0.0,0.6136879761055628,0.0
1999,0.0,0.5338911291000462,0.0
2000,0.0,0.4129223969110386,0.0
2001,0.0,0.4922620971793476,0.0
2002,0.0,0.44705138141072726,0.0
2003,0.0,0.5114803008171799,0.0
2004,0.0,0.5137287780942272,0.0
2005,0.0,0.5037725324751156,0.0
2006,0.0,0.4956106343124573,0.0
2007,0.0,0.5114840695383646,0.0
2008,0.0,0.6342313909641889,0.0
2009,0.0,0.5659667506337677,0.0
2010,0.0,0.5367035313723052,0.0
2011,0.0,0.5469456638502397,0.0
2012,0.0,0.5384273727652533,0.0
2013,0.0,0.5790192705612065,0.0
2014,0.0,0.5395304400887349,0.0
2015,0.0,0.49340077567317775,0.0
2016,0.0,0.4219489933038604,0.0
2017,0.0,0.4605948917612911,0.0
2018,0.0,0.4524319886301069,0.0
2019,0.0,0.4372219361079505,0.0
2020,0.0,0.4673900550137409,0.0
2021,0.0,0.47208767762308335,0.0
2022,0.0,0.4007878338417107,0.0
2023,0.0,0.40174336853687453,0.0
2024,0.0,0.451660473081298,0.0
2025,0.0,0.4564951807606875,0.0
2026,0.0,0.49489995279509363,0.0
2027,0.0,0.5877183925034408,0.0
2028,0.0,0.506348393345254,0.0
2029,0.0,0.46833601290901633,0.0
2030,0.0,0.5282958279196385,0.0
2031,0.0,0.6146031050504474,0.0
2032,0.0,0.43099275853623364,0.0
2033,0.0,0.48105885102160256,0.0
2034,0.0,0.5081668972469264,0.0
2035,0.0,0.38327318087393786,0.0
2036,0.0,0.601997729428195,0.0
2037,0.0,0.5367123914776343,0.0
2038,0.0,0.5160860637737613,0.0
2039,0.0,0.6345517277109284,0.0
2040,0.0,0.5365537029404989,0.0
2041,0.0,0.48717559914250563,0.0
2042,0.0,0.5495889770156633,0.0
2043,0.0,0.6978454717931046,0.0
2044,0.0,0.5511474067198782,0.0
2045,0.0,0.7164631231557762,0.0
2046,0.0,0.45351268872548517,0.0
2047,0.0,0.46428772299183707,0.0
2048,0.0,0.390931178468748,0.0
2049,0.0,0.42787013276562297,0.0
2050,0.0,0.4874268716591495,0.0
2051,0.0,0.46431803817253736,0.0
2052,0.0,0.49341734502781487,0.0
2053,0.0,0.5097209476164655,0.0
2054,0.0,0.44056397074888887,0.0
2055,0.0,0.5409901566862447,0.0
2056,0.0,0.5794710703131745,0.0
2057,0.0,0.5784470786732431,0.0
2058,0.0,0.5300402896563999,0.0
2059,0.0,0.49110047662394907,0.0
2060,0.0,0.5354381284582873,0.0
2061,0.0,0.46224809964148666,0.0
2062,0.0,0.5760265507988097,0.0
2063,0.0,0.6041173852936066,0.0
2064,0.0,0.3837116512911399,0.0
2065,0.0,0.5353522557646933,0.0
2066,0.0,0.40272755016957207,0.0
2067,0.0,0.48455616884854225,0.0
2068,0.0,0.47237168300654087,0.0
2069,0.0,0.5338470565304442,0.0
2070,0.0,0.4340075641835716,0.0
2071,0.0,0.39170342914207207,0.0
2072,0.0,0.5985506913551952,0.0
2073,0.0,0.4715532281737093,0.0
2074,0.0,0.6822942733239715,0.0
2075,0.0,0.47656228651014576,0.0
2076,0.0,0.5476478350553677,0.0
2077,0.0,0.5230716407034872,0.0
2078,0.0,0.5141256098117923,0.0
2079,0.0,0.4625493388199104,0.0
2080,0.0,0.42335021316083005,0.0
2081,0.0,0.4831407642456403,0.0
2082,0.0,0.42960764327627143,0.0
2083,0.0,0.48003407308583207,0.0
2084,0.0,0.37172983145066546,0.0
2085,0.0,0.43474729509226334,0.0
2086,0.0,0.4190068335368249,0.0
2087,0.0,0.42941787530567416,0.0
2088,0.0,0.4297751345959162,0.0
2089,0.0,0.47138638501944663,0.0
2090,0.0,0.5822493067464611,0.0
2091,0.0,0.4868160213623449,0.0
2092,0.0,0.5205169078054716,0.0
2093,0.0,0.5281783172852924,0.0
2094,0.0,0.6204013811991084,0.0
2095,0.0,0.5225002889263505,0.0
2096,0.0,0.30897975610149897,0.0
2097,0.0,0.3917171663300797,0.0
2098,0.0,0.38451731213721513,0.0
2099,0.0,0.4522319676068747,0.0
2100,0.0,0.563748533565858,0.0
2101,0.0,0.5157657770486138,0.0
2102,0.0,0.5481801957394674,0.0
2103,0.0,0.5456372426781836,0.0
2104,0.0,0.5688155731028318,0.0
2105,0.0,0.6232153318922099,0.0
2106,0.0,0.5514388766428936,0.0
2107,0.0,0.6356946267150926,0.0
2108,0.0,0.4506654828388839,0.0
2109,0.0,0.48601545694936166,0.0
2110,0.0,0.45774012346197196,0.0
2111,0.0,0.47885209176994686,0.0
2112,0.0,0.37690801848830724,0.0
2113,0.0,0.40849438069103444,0.0
2114,0.0,0.4914956161196956,0.0
2115,0.0,0.40682115041094735,0.0
2116,0.0,0.45241271183542564,0.0
2117,0.0,0.463862359068642,0.0
2118,0.0,0.4089611501875543,0.0
2119,0.0,0.46935080977576166,0.0
2120,0.0,0.41887484274539366,0.0
2121,0.0,0.46000158877400005,0.0
2122,0.0,0.4261045553860069,0.0
2123,0.0,0.4900980763115606,0.0
2124,0.0,0.5031055427414359,0.0
2125,0.0,0.5181776917322233,0.0
2126,0.0,0.5571359913759094,0.0
2127,0.0,0.5729873885978297,0.0
2128,0.0,0.4095228428668356,0.0
2129,0.0,0.42916946541630885,0.0
2130,0.0,0.4756443879459692,0.0
2131,0.0,0.41838514475463645,0.0
2132,0.0,0.3850622464179429,0.0
2133,0.0,0.4635141839539955,0.0
2134,0.0,0.445895472273148,0.0
2135,0.0,0.46470677177447495,0.0
2136,0.0,0.6731723710121078,0.0
2137,0.0,0.4604329340270405,0.0
2138,0.0,0.46260001797987477,0.0
2139,0.0,0.5615159574883801,0.0
2140,0.0,0.4139898116156391,0.0
2141,0.0,0.5465336354650537,0.0
2142,0.0,0.5848472274007512,0.0
2143,0.0,0.48483799335096295,0.0
2144,0.0,0.38778079019140294,0.0
2145,0.0,0.40981906819061004,0.0
2146,0.0,0.3300452588045083,0.0
2147,0.0,0.5842705495561559,0.0
2148,0.0,0.5288195607427902,0.0
2149,0.0,0.5436524632199697,0.0
2150,0.0,0.4877568225859807,0.0
2151,0.0,0.42963378844934597,0.0
2152,0.0,0.4375623349940527,0.0
2153,0.0,0.5737732019892372,0.0
2154,0.0,0.4669528461460663,0.0
2155,0.0,0.43833970132712413,0.0
2156,0.0,0.5498898087643371,0.0
2157,0.0,0.4548031356071702,0.0
2158,0.0,0.4825332845751077,0.0
2159,0.0,0.5090621169538573,0.0
2160,0.0,0.4137307311302945,0.0
2161,0.0,0.4967432284126155,0.0
2162,0.0,0.4606186742290408,0.0
2163,0.0,0.42276819206825744,0.0
2164,0.0,0.40919175943826097,0.0
2165,0.0,0.4947429076473136,0.0
2166,0.0,0.49055440377874177,0.0
2167,0.0,0.5208147797923421,0.0
2168,0.0,0.4971620159335611,0.0
2169,0.0,0.5099457573796884,0.0
2170,0.0,0.4950719908125592,0.0
2171,0.0,0.7288158472894896,0.0
2172,0.0,0.5506442436823028,0.0
2173,0.0,0.7249742960262031,0.0
2174,0.0,0.6013754648275246,0.0
2175,0.0,0.45918067724106354,0.0
2176,0.0,0.6121605867212528,0.0
2177,0.0,0.54090754320541,0.0
2178,0.0,0.3950802856351447,0.0
2179,0.0,0.46182636007157496,0.0
2180,0.0,0.3923925647693441,0.0
2181,0.0,0.48881384963104885,0.0
2182,0.0,0.5887512867595961,0.0
2183,0.0,0.48393863420724864,0.0
2184,0.0,0.4958217797950792,0.0
2185,0.0,0.506322734190896,0.0
2186,0.0,0.49623221426048464,0.0
2187,0.0,0.6097443661286532,0.0
2188,0.0,0.5246201261266648,0.0
2189,0.0,0.6166095353892295,0.0
2190,0.0,0.5205591506994941,0.0
2191,0.0,0.5584182984857315,0.0
2192,0.0,0.3990946106787913,0.0
2193,0.0,0.47561471809052663,0.0
2194,0.0,0.4552894737073599,0.0
2195,0.0,0.5486173115057053,0.0
2196,0.0,0.5473811310313178,0.0
2197,0.0,0.553337997326646,0.0
2198,0.0,0.4681574975770143,0.0
2199,0.0,0.5200755332703135,0.0
2200,0.0,0.520529168179237,0.0
2201,0.0,0.5109603303633311,0.0
2202,0.0,0.49018954678733206,0.0
2203,0.0,0.5396026297277275,0.0
2204,0.0,0.5471048236391974,0.0
2205,0.0,0.6293054273790613,0.0
2206,0.0,0.5519876614737952,0.0
2207,0.0,0.5827537089410391,0.0
2208,0.0,0.4679913886437086,0.0
2209,0.0,0.6882393012902059,0.0
2210,0.0,0.481400455333058,0.0
2211,0.0,0.5870115529053327,0.0
2212,0.0,0.5945789511358458,0.0
2213,0.0,0.504673346737428,0.0
2214,0.0,0.5836845136002815,0.0
2215,0.0,0.4307786725896471,0.0
2216,0.0,0.49266302908167997,0.0
2217,0.0,0.610349339625662,0.0
2218,0.0,0.45510865507619525,0.0
2219,0.0,0.5055500203195321,0.0
2220,0.0,0.6066066723799844,0.0
2221,0.0,0.7009184685419927,0.0
2222,0.0,0.454692925268316,0.0
2223,0.0,0.48028406674441937,0.0
2224,0.0,0.3117853774496888,0.0
2225,0.0,0.3656724911912293,0.0
2226,0.0,0.4078570147620229,0.0
2227,0.0,0.43793792371513424,0.0
2228,0.0,0.480559205413521,0.0
2229,0.0,0.4695608274438253,0.0
2230,0.0,0.41422753296016646,0.0
2231,0.0,0.46741129869884374,0.0
2232,0.0,0.6667118693000041,0.0
2233,0.0,0.5422477867729648,0.0
2234,0.0,0.4740854784979901,0.0
2235,0.0,0.5873369504315753,0.0
2236,0.0,0.5390825899470808,0.0
2237,0.0,0.5033092183018938,0.0
2238,0.0,0.6005915156162702,0.0
2239,0.0,0.4184528784873001,0.0
2240,0.0,0.383146918893162,0.0
2241,0.0,0.5872073542975387,0.0
2242,0.0,0.461126990491249,0.0
2243,0.0,0.40554657236531416,0.0
2244,0.0,0.5333493825222685,0.0
2245,0.0,0.620707861261742,0.0
2246,0.0,0.5198054256740294,0.0
2247,0.0,0.639525241709399,0.0
2248,0.0,0.3699018208650173,0.0
2249,0.0,0.44626400212162415,0.0
2250,0.0,0.5144042458471838,0.0
2251,0.0,0.5806759065655516,0.0
2252,0.0,0.4796592137180167,0.0
2253,0.0,0.5119499881677316,0.0
2254,0.0,0.4909490706984593,0.0
2255,0.0,0.41019047565410977,0.0
2256,0.0,0.4130048746119253,0.0
2257,0.0,0.3282083561957516,0.0
2258,0.0,0.4653631665650802,0.0
2259,0.0,0.4168985993876545,0.0
2260,0.0,0.5011110186815736,0.0
2261,0.0,0.41998484310569795,0.0
2262,0.0,0.40593182272780043,0.0
2263,0.0,0.6429508561852003,0.0
2264,0.0,0.50183770042195,0.0
2265,0.0,0.5101807552723483,0.0
2266,0.0,0.4173770131544486,0.0
2267,0.0,0.43021106234435746,0.0
2268,0.0,0.4253974409253032,0.0
2269,0.0,0.5550913674080415,0.0
2270,0.0,0.42593503262827703,0.0
2271,0.0,0.5272981388133033,0.0
2272,0.0,0.36950047507986505,0.0
2273,0.0,0.3438531528308249,0.0
2274,0.0,0.33564446635403716,0.0
2275,0.0,0.4668212282687991,0.0
2276,0.0,0.3371358946250371,0.0
2277,0.0,0.5065355097930996,0.0
2278,0.0,0.47339762519511036,0.0
2279,0.0,0.5150245827949084,0.0
2280,0.0,0.37480039114858377,0.0
2281,0.0,0.39433636623680973,0.0
2282,0.0,0.5119262535548909,0.0
2283,0.0,0.5038794093039265,0.0
2284,0.0,0.49643953395228,0.0
2285,0.0,0.46387673854461464,0.0
2286,0.0,0.44568636065156125,0.0
2287,0.0,0.4988276667663467,0.0
2288,0.0,0.4483836474536876,0.0
2289,0.0,0.3559782520458613,0.0
2290,0.0,0.33010519276437245,0.0
2291,0.0,0.30477152723371204,0.0
2292,0.0,0.36724517581034494,0.0
2293,0.0,0.4487603973506166,0.0
2294,0.0,0.49371268557456127,0.0
2295,0.0,0.4685457085098362,0.0
2296,0.0,0.43506702054158464,0.0
2297,0.0,0.419648877919827,0.0
2298,0.0,0.5465913674857708,0.0
2299,0.0,0.5365101681299076,0.0
2300,0.0,0.5649885595282848,0.0
2301,0.0,0.6065620746899266,0.0
2302,0.0,0.4890728163783797,0.0
2303,0.0,0.45009739180547426,0.0
2304,0.0,0.35546233023413903,0.0
2305,0.0,0.34675123100454874,0.0
2306,0.0,0.4555916779738334,0.0
2307,0.0,0.42714465221560655,0.0
2308,0.0,0.4438419419844337,0.0
2309,0.0,0.45846437365264014,0.0
2310,0.0,0.4621621802714978,0.0
2311,0.0,0.43428488045066316,0.0
2312,0.0,0.5558641839949926,0.0
2313,0.0,0.48562052468001843,0.0
2314,0.0,0.43937649624300984,0.0
2315,0.0,0.5006933593266805,0.0
2316,0.0,0.430548097949928,0.0
2317,0.0,0.4648035510402427,0.0
2318,0.0,0.4341646893802151,0.0
2319,0.0,0.5314337473375706,0.0
2320,0.0,0.39588861549667487,0.0
2321,0.0,0.4154744850457167,0.0
2322,0.0,0.4197631769335382,0.0
2323,0.0,0.3602690541411817,0.0
2324,0.0,0.43628303563153437,0.0
2325,0.0,0.4897996642705012,0.0
2326,0.0,0.44312728917821,0.0
2327,0.0,0.48052842546272206,0.0
2328,0.0,0.46819649794388224,0.0
2329,0.0,0.4444394515831019,0.0
2330,0.0,0.42865483536620774,0.0
2331,0.0,0.5822283382702268,0.0
2332,0.0,0.5916795007293103,0.0
2333,0.0,0.499134167136653,0.0
2334,0.0,0.4814388870676316,0.0
2335,0.0,0.45711064873946106,0.0
2336,0.0,0.3510565578005428,0.0
2337,0.0,0.46967959119526254,0.0
2338,0.0,0.4813803776145287,0.0
2339,0.0,0.4110791118750288,0.0
2340,0.0,0.44689123247663914,0.0
2341,0.0,0.47986447649940467,0.0
2342,0.0,0.4464897777212077,0.0
2343,0.0,0.4192657071413593,0.0
2344,0.0,0.4435913653049301,0.0
2345,0.0,0.38672644478210144,0.0
2346,0.0,0.5412316347173722,0.0
2347,0.0,0.5143690989483928,0.0
2348,0.0,0.46478354665886923,0.0
2349,0.0,0.47244368534827863,0.0
2350,0.0,0.4942164622602122,0.0
2351,0.0,0.4764563851278876,0.0
2352,0.0,0.3080717619670478,0.0
2353,0.0,0.38896954883135587,0.0
2354,0.0,0.5444324758251502,0.0
2355,0.0,0.4829138545003616,0.0
2356,0.0,0.45146548704308737,0.0
2357,0.0,0.4450439097550124,0.0
2358,0.0,0.572415245993543,0.0
2359,0.0,0.6509777799275034,0.0
2360,0.0,0.42121243622878884,0.0
2361,0.0,0.5170253550682662,0.0
2362,0.0,0.6134897606708813,0.0
2363,0.0,0.41783730730458707,0.0
2364,0.0,0.4331098177724137,0.0
2365,0.0,0.470534054621684,0.0
2366,0.0,0.7068693513016746,0.0
2367,0.0,0.5789767603549121,0.0
2368,0.0,0.38920004913793205,0.0
2369,0.0,0.3696167246731163,0.0
2370,0.0,0.39146315861811193,0.0
2371,0.0,0.376661194656349,0.0
2372,0.0,0.37546909733190653,0.0
2373,0.0,0.40020831247664235,0.0
2374,0.0,0.46538047489174716,0.0
2375,0.0,0.42908021620171954,0.0
2376,0.0,0.3772461325794622,0.0
2377,0.0,0.49248225819453306,0.0
2378,0.0,0.5335730274602848,0.0
2379,0.0,0.4991567063295675,0.0
2380,0.0,0.3703472307424445,0.0
2381,0.0,0.47318840916431126,0.0
2382,0.0,0.5546115208484185,0.0
2383,0.0,0.47841545354912185,0.0
2384,0.0,0.4235464864166009,0.0
2385,0.0,0.316059069579551,0.0
2386,0.0,0.40573340391842067,0.0
2387,0.0,0.49106557002734325,0.0
2388,0.0,0.450187430472944,0.0
2389,0.0,0.39641310192782797,0.0
2390,0.0,0.4511172775979358,0.0
2391,0.0,0.46913578980944926,0.0
2392,0.0,0.4448434964703471,0.0
2393,0.0,0.46064835942730276,0.0
2394,0.0,0.39788301908987567,0.0
2395,0.0,0.4198826754472982,0.0
2396,0.0,0.41811902683714414,0.0
2397,0.0,0.46621436889956863,0.0
2398,0.0,0.3954663945227954,0.0
2399,0.0,0.4248802262194623,0.0
