step,loss,acc_train,gnorm_theta,gnorm_phi,align_u,align_V,gain_u,gain_V,h_u,h_V,w_norm,disp
0,0.699057936668396,0.5296630859375,0.2939944267272949,2.284480237149992,0.004395015859915604,0.034879665316594505,0.22954524469034346,0.6466573697873307,0.060406160718731734,0.4137186334799259,3.4624864055836073,0.0
25,0.5911813974380493,0.7266998291015625,0.26171770691871643,1.8421531648868783,0.004412902669045474,0.03500910230513995,0.23002499948336405,0.647893095021689,0.060631142889372325,0.41521822407931025,3.4626840303582114,0.001927226122538975
50,0.5188292264938354,0.8099365234375,0.274654746055603,1.523919554246133,0.004437270248548647,0.03542061486614355,0.23070626114253281,0.6518227121533873,0.060948976717178326,0.419955389541007,3.463390338169662,0.0037389077091037107
75,0.4674176573753357,0.844757080078125,0.28880277276039124,1.292048267707976,0.004465636302190597,0.035981410364141785,0.23150699057457047,0.6571454812109727,0.06132492849440998,0.4264386000210319,3.4643553664780753,0.005609717668743434
100,0.42901450395584106,0.862945556640625,0.29750731587409973,1.11864485497743,0.004496605427133076,0.036621761321038705,0.232381746458347,0.6631766629376655,0.06173912517423502,0.4338762431409968,3.4654498722326403,0.007554627694656308
125,0.3991401493549347,0.873992919921875,0.30143168568611145,0.9852527909814213,0.0045294070663872855,0.03730375599893833,0.23330552220938858,0.6695463126959872,0.06218030241761588,0.44183442812861634,3.4666048618104193,0.009551272035436256
150,0.3751373291015625,0.8824462890625,0.3020583987236023,0.8799291549497967,0.004563550466785253,0.03800571960619966,0.23426274611477654,0.6760460522860232,0.0626411053988554,0.45006131052690396,3.46778210484655,0.01157380310981895
175,0.35534512996673584,0.888427734375,0.30043914914131165,0.7948509364969205,0.0045987156734863645,0.03871509837079808,0.23524345413576264,0.6825578277381488,0.06311668833018384,0.4584084165298119,3.468959808093298,0.013603484425422436
200,0.3386809229850769,0.89300537109375,0.29738080501556396,0.7247623326005396,0.0046346996944101,0.03942417275936902,0.23624137290447966,0.6890114718397266,0.06360391133803733,0.46678283637569284,3.4701253123477045,0.015626027623658112
225,0.3244099020957947,0.89642333984375,0.293363094329834,0.6660467803216296,0.004671356190846163,0.04012809553678488,0.23725208562942457,0.6953649905693357,0.064100622859215,0.4751246852635681,3.4712712162260226,0.017631434294746725
250,0.3120156526565552,0.899261474609375,0.28869813680648804,0.6161436368779354,0.004708564011886745,0.040823964047517994,0.23827207176525034,0.7015950042809832,0.06460490877083602,0.48339677602380127,3.472393235752002,0.01961268386453254
275,0.3011248707771301,0.901611328125,0.28365591168403625,0.573202729385796,0.004746250094905816,0.04150996479262931,0.23929919902335817,0.7076884669414121,0.0651156326755001,0.4915754772081258,3.4734890613464082,0.021565080991274133
300,0.2914600670337677,0.90350341796875,0.2784363031387329,0.5358533502119927,0.004784370259581087,0.04218505568618868,0.24033216244278546,0.713639395162488,0.06563205964007784,0.49964559639372896,3.474557499532261,0.023485715209162566
325,0.28280994296073914,0.905792236328125,0.2731304168701172,0.5030598151020959,0.004822868299494182,0.04284865684277942,0.24136943705842662,0.7194459674290689,0.06615331528907922,0.5075984047992128,3.475598300948391,0.025372937992875638
350,0.27501195669174194,0.907562255859375,0.2677243947982788,0.47403059559657923,0.004861716428474869,0.043500325124507286,0.2424102505658758,0.7251075380055261,0.06667895704815167,0.5154267252170611,3.476611548747524,0.027225424110265958
375,0.26793837547302246,0.90899658203125,0.2623342275619507,0.4481455593338855,0.004900881065049927,0.044139842595773686,0.24345372044837454,0.7306253293650842,0.06720841191992923,0.5231258756046866,3.477597654157413,0.029042093265255454
400,0.261486291885376,0.910491943359375,0.2570057511329651,0.42491618020448313,0.004940339727739722,0.04476731749649894,0.2444992660665819,0.7360031759238324,0.06774131185425611,0.5306954015557456,3.4785572268352123,0.030822783988985632
425,0.25557249784469604,0.9119110107421875,0.2517491281032562,0.40394910405502116,0.004980071131125065,0.045382875183822675,0.24554635354950435,0.7412449020188282,0.06827732653786334,0.5381354474941529,3.4794909891514836,0.03256792613266294
450,0.2501288056373596,0.913360595703125,0.24656593799591064,0.3849232548917179,0.005020048596098825,0.04598664337211632,0.24659433479283285,0.7463542150010678,0.0688160929598543,0.5454461260358461,3.4803997943891183,0.034277637678942575
475,0.2450983077287674,0.9143829345703125,0.24157358705997467,0.36758122568603374,0.005060263148011118,0.04657880602189877,0.24764300103666087,0.751335108803441,0.06935748507753073,0.5526285833879947,3.481284426938426,0.03595254220101418
500,0.24043366312980652,0.9154510498046875,0.23667410016059875,0.35170648299209734,0.00510070437206099,0.0471596859231682,0.24869212180640032,0.756192565145157,0.0699013090946308,0.5596854852730154,3.48214579714976,0.037593313621829653
525,0.23609381914138794,0.9166259765625,0.23199674487113953,0.3371192791235562,0.005141348168967033,0.04772967808368671,0.24974112983725003,0.760931945842084,0.0704472289834513,0.5666208409476722,3.4829846834614995,0.039201039631706444
550,0.23204410076141357,0.917724609375,0.2274208813905716,0.3236661021310678,0.005182200256001968,0.04828910292769818,0.2507901968500148,0.765557876959235,0.07099533296042698,0.573437417667741,3.4838019716796595,0.04077673815095955
575,0.2282552570104599,0.9186859130859375,0.22301258146762848,0.3112215740718855,0.005223249244742801,0.048838238276786385,0.2518390728323942,0.770074480292317,0.07154542024770696,0.5801375306125468,3.4845984308431963,0.04232121675328518
600,0.22470222413539886,0.9195404052734375,0.21868008375167847,0.2996743652821,0.005264488020577922,0.04937734926800574,0.25288761685794814,0.7744856561918249,0.07209741413077857,0.5867234881666437,3.4853748486130045,0.04383502200344384
625,0.2213629186153412,0.920257568359375,0.21451880037784576,0.2889310607753142,0.0053059078763329865,0.04990673029739005,0.2539356511850626,0.7787954110246713,0.07265116631619328,0.5931988747838519,3.4861319819146526,0.04531909768689427
650,0.21821753680706024,0.9212188720703125,0.21048957109451294,0.27890816620639713,0.005347493890827728,0.05042674446424567,0.25498285197553366,0.7830081661187624,0.0732065065283065,0.5995673105723799,3.4868705607383363,0.04677460832206174
675,0.21524900197982788,0.9220733642578125,0.20662368834018707,0.26953789362514285,0.00538925113923661,0.050937670461461,0.2560293710390284,0.7871275584901402,0.07376352765663707,0.6058313145525531,3.4875912406460277,0.04820242777500041
700,0.21244269609451294,0.9227142333984375,0.20281560719013214,0.26075810417771045,0.0054311796680688645,0.051439726937867046,0.2570752425726133,0.7911566750286432,0.07432225472006987,0.6119928942477387,3.48829470985964,0.04960315497271174
725,0.2097858488559723,0.923614501953125,0.1990624964237213,0.2525143532308921,0.005473271917037107,0.05193310089371276,0.25812031748567055,0.7950982647130824,0.07488260947570291,0.6180536723800398,3.4889815928492927,0.050977360691812086
750,0.20726613700389862,0.9244537353515625,0.19557136297225952,0.24475926294025022,0.00551552987432069,0.052418135761313225,0.2591646690715168,0.7989561802755867,0.07544453497355275,0.6240172947616203,3.4896524428539415,0.052326153237920704
775,0.20487210154533386,0.9248199462890625,0.1922174096107483,0.2374508238254356,0.00555795790754534,0.0528951214897581,0.26020843003870947,0.8027337914530361,0.07600808742475465,0.6298873468581014,3.490307863550561,0.05365069371171456
800,0.2025945782661438,0.925384521484375,0.18886792659759521,0.2305514475380657,0.005600555741582022,0.05336417662884515,0.2612516204301135,0.8064330856197354,0.07657323794775037,0.635665441546609,3.4909484105801623,0.05495143605293923
825,0.2004258930683136,0.92584228515625,0.1855856478214264,0.22402787943070196,0.005643322025068946,0.053825494130091946,0.26229423368292765,0.8100565523082971,0.07714000713771896,0.6413528838285066,3.4915746083583827,0.05622877010481327
850,0.19835823774337769,0.9265289306640625,0.1824876219034195,0.21785209396927435,0.005686243959191187,0.05427933655595762,0.26333599586210105,0.8136071354954709,0.0777081990656576,0.6469523057806168,3.492186936541397,0.05748347386437715
875,0.19638365507125854,0.92706298828125,0.17950758337974548,0.21199662551285445,0.005729314800940765,0.05472606707702009,0.26437677909096774,0.8170884729017758,0.07827779856039394,0.6524678003068156,3.4927858947087276,0.05871690635183921
900,0.19449588656425476,0.927764892578125,0.1766565889120102,0.2064370263198354,0.005772538146915755,0.05516589423484596,0.2654166873906804,0.8205029559353693,0.07884884905700269,0.6579012229311834,3.4933718694751694,0.05992958231671507
925,0.19268925487995148,0.9281768798828125,0.17381387948989868,0.20115192893164666,0.005815928046734605,0.0555989493872288,0.2664560719977622,0.8238523815852916,0.07942146270617237,0.6632545393518645,3.4939453595555947,0.061121978969534294
950,0.19095885753631592,0.9285888671875,0.1710706651210785,0.19612078141400432,0.005859484478373399,0.05602538076511531,0.26749494956705433,0.8271386049395336,0.07999574705656229,0.668529172186747,3.4945067417214544,0.062294600031124095
975,0.18929973244667053,0.929229736328125,0.16843506693840027,0.19132826605868244,0.005903212855961046,0.056445353549056713,0.26853345922789584,0.8303635628625627,0.08057170718069372,0.6737270109848796,3.4950563716754695,0.0634480993563359
1000,0.18770736455917358,0.929779052734375,0.1658582091331482,0.18675741792502704,0.005947106326801803,0.05685904584598332,0.2695714694010335,0.8335292758926599,0.08114924307386123,0.6788499480651444,3.4955947170934882,0.0645830214943564
1025,0.18617784976959229,0.93023681640625,0.16336755454540253,0.1823948649898681,0.00599117599663884,0.05726664061258501,0.2706092465134512,0.8366377313125096,0.08172855335098492,0.6838995455655339,3.496122112259675,0.06569990219637921
1050,0.18470703065395355,0.930908203125,0.16096526384353638,0.17822510356410745,0.006035420621257721,0.05766830916623395,0.27164677357556827,0.8396907886159289,0.0823095807617393,0.688878404664693,3.496638861316094,0.0667994572085648
1075,0.1832922101020813,0.9312896728515625,0.15857554972171783,0.17423806601635006,0.006079840869631222,0.058064206053405384,0.27268407954909196,0.8426901595986347,0.08289235082372971,0.6937873338325684,3.497145297463704,0.06788178956760257
1100,0.18192970752716064,0.93170166015625,0.1563214361667633,0.17042168874648844,0.006124441358038709,0.05845444030057878,0.27372128387847766,0.8456372034607443,0.08347689483779985,0.6986280522111812,3.4976417803162896,0.06894762801023945
1125,0.18061649799346924,0.9321441650390625,0.1541166454553604,0.16676599372382384,0.006169206102640646,0.05883920426126659,0.27475803741340393,0.8485338287823099,0.08406301505446108,0.7034031211500307,3.4981285565956615,0.06999759839090132
1150,0.17934970557689667,0.9323577880859375,0.15199637413024902,0.16326252007789105,0.006214142222885406,0.05921864846096178,0.27579451492656265,0.8513816311036025,0.08465084891047307,0.7081140247653628,3.4986059484264933,0.07103214445644265
1175,0.17812703549861908,0.9327850341796875,0.14990977942943573,0.1599007582508481,0.006259263403832253,0.05959287591958931,0.2768310266521457,0.8541818157399335,0.08524057120377672,0.712761412996991,3.499074178035897,0.07205155566260003
1200,0.17694589495658875,0.9329681396484375,0.14795057475566864,0.15667361504853386,0.006304570858060235,0.059962026405901696,0.2778676117458517,0.8569358538609033,0.08583213514694288,0.7173475500147646,3.4995335645927623,0.07305640471230956
1225,0.1758040189743042,0.9332733154296875,0.14598113298416138,0.15357343537922863,0.006350066097493063,0.060326250175380465,0.2789043117048799,0.8596452557983043,0.08642558522330598,0.7218742685943327,3.499984373429973,0.07404721042771417
1250,0.17469999194145203,0.9334869384765625,0.14403051137924194,0.15059242811927512,0.006395752040803004,0.06068564570841294,0.279941193236739,0.8623111248033984,0.08702095990907228,0.7263424087062046,3.5004268012760575,0.07502393975647748
1275,0.1736316829919815,0.933868408203125,0.14217481017112732,0.1477250926223717,0.006441632768970743,0.06104027842513261,0.28097835306865876,0.864934328651884,0.08761833655659744,0.7307526150193833,3.5008611103545375,0.07598706429861632
1300,0.17259708046913147,0.9342193603515625,0.14034734666347504,0.14496543913488677,0.006487710724101201,0.061390278081264064,0.2820158508539813,0.8675161738794197,0.08821773427938309,0.7351065024777647,3.5012875553669907,0.07693721045866572
1325,0.17159481346607208,0.93463134765625,0.1385830044746399,0.1423084350273171,0.00653399574694902,0.06173572778105349,0.28305389897638267,0.870057597945945,0.08881925024094446,0.7394046369865893,3.5017063022626704,0.0778744427062926
1350,0.17062321305274963,0.934906005859375,0.1368781179189682,0.1397486089906371,0.006580485764574222,0.06207678237305828,0.28409245383789583,0.8725600399971156,0.08942288886549145,0.7436489745773303,3.502117564127853,0.07879921372773001
1375,0.1696806252002716,0.9350433349609375,0.13524866104125977,0.13728070921975977,0.006627191562115386,0.062413561334732956,0.28513175027979387,0.8750246750843043,0.09002881190277774,0.7478408405584198,3.502521564656637,0.07971194596426451
1400,0.16876555979251862,0.93524169921875,0.13362428545951843,0.13489978581178838,0.00667410317247909,0.06274616149405098,0.2861715720024506,0.8774524939135359,0.09063685868230205,0.7519818687512616,3.5029184854804503,0.08061307329912816
1425,0.16787683963775635,0.9354095458984375,0.13208967447280884,0.13260241952961263,0.006721227794183836,0.063074665867337,0.28721207346845823,0.8798443798336857,0.09124711205779432,0.7560728540271318,3.503308517422574,0.08150272674721329
1450,0.1670132279396057,0.9356842041015625,0.1305614411830902,0.13038530741621462,0.006768558092969942,0.06339916828127345,0.2882531025292798,0.8822012936645353,0.09185948116033421,0.7601148681274906,3.5036919072783785,0.08238126280694433
1475,0.16617363691329956,0.93597412109375,0.12907351553440094,0.12824368587793414,0.006816094964718778,0.06371978303810522,0.289294667220046,0.8845242744210158,0.0924739954060291,0.7641091123151652,3.504068696006885,0.08324902863214353
1500,0.16535711288452148,0.9364166259765625,0.12761034071445465,0.1261736550765249,0.006863848554032058,0.0640365742790414,0.29033699162355214,0.8868140631865814,0.09309072377252056,0.768056032644685,3.5044391725659496,0.08410624995448314
1525,0.16456273198127747,0.9366455078125,0.12616321444511414,0.1241731116728011,0.006911839053004377,0.06434957957130263,0.2913804956889326,0.8890711674105073,0.09370993414555823,0.7719560026667442,3.5048034639889853,0.08495294679760976
1550,0.1637895107269287,0.9368896484375,0.12479162961244583,0.12223928642906633,0.006960057653679412,0.06465889352889465,0.29242498812131973,0.8912964908161056,0.09433159536294572,0.7758100623269805,3.5051617384324474,0.08578943522165683
1575,0.16303622722625732,0.93707275390625,0.12348372489213943,0.12036643930186589,0.007008502676702696,0.06496466398940284,0.29347042297130815,0.8934912719936332,0.0949556471771414,0.7796202000262418,3.5055140833417178,0.08661624310887137
1600,0.1623021960258484,0.937255859375,0.12214362621307373,0.11855542058426687,0.007057179536268072,0.06526694882824545,0.29451691015705234,0.8956561403280863,0.09558209947065022,0.7833873185837237,3.5058606710161526,0.08743351388506575
1625,0.1615867018699646,0.9374847412109375,0.1208864375948906,0.11680057115171225,0.0071060856771324055,0.065565767006839,0.2955643950557437,0.8977914584839465,0.09621095988642911,0.787111689783049,3.506201701830967,0.08824132105515553
1650,0.1608888953924179,0.9376678466796875,0.11964420974254608,0.11510272582041214,0.007155236365228775,0.06586121545997906,0.2966131803162626,0.8998980768888878,0.09684244056525193,0.7907945126884282,3.506537220051679,0.08904002183952019
1675,0.16020794212818146,0.9379425048828125,0.11845400929450989,0.1134572789833974,0.0072046371323380015,0.06615337179023219,0.2976633749408518,0.9019767393375091,0.09747666023033832,0.7944366328570487,3.5068674050568696,0.08982996252055267
1700,0.1595432162284851,0.9381256103515625,0.1172790378332138,0.11186162893162858,0.00725428320483973,0.06644234101347749,0.298714871467126,0.9040283587510359,0.09811352342238919,0.7980392785022777,3.507192399255682,0.09061131392404727
1725,0.15889416635036469,0.9382171630859375,0.11612339317798615,0.11031492214229036,0.007304175371492163,0.06672824204718099,0.2997676756767481,0.9060539255199718,0.09875300341304613,0.801603676563672,3.5075123151206817,0.09138427989774223
1750,0.15825991332530975,0.9383544921875,0.11503344774246216,0.10881545646843463,0.007354328639096798,0.06701107684637096,0.3008220852690416,0.9080536310289625,0.09939530849366643,0.8051297164942426,3.507827277243801,0.09214915720522383
1775,0.15764003992080688,0.9384765625,0.11393396556377411,0.10735964675903238,0.007404744923579859,0.06729084299756172,0.30187812371794187,0.9100276232235195,0.10004043503346904,0.8086173682113669,3.508137368128657,0.09290591675099526
1800,0.1570340245962143,0.938690185546875,0.11287187039852142,0.10594783292283363,0.007455431246802731,0.06756756458519166,0.3029359282947812,0.9119762570634984,0.10068846789665747,0.8120672647816083,3.5084427893782473,0.0936547053838062
1825,0.15644124150276184,0.9388580322265625,0.1118474155664444,0.10457845776097298,0.007506390216838852,0.06784131064683636,0.30399552792582335,0.9139001337898661,0.10133938663565673,0.815480240917328,3.5087435404004013,0.09439577663002602
1850,0.15586119890213013,0.939056396484375,0.11085104197263718,0.10324874283534367,0.007557617656950995,0.0681121964762024,0.3050568276674443,0.9158001998272808,0.10199313797581255,0.8188574738303607,3.5090397764503773,0.09512933921434348
1875,0.1552933305501938,0.9392852783203125,0.10986971855163574,0.10195710359753574,0.007609115613350548,0.06838025087479323,0.3061198597247495,0.9176768143406829,0.10264980324439289,0.8221995801858947,3.509331658031352,0.095855682988763
1900,0.15473729372024536,0.9394989013671875,0.10893397778272629,0.10070440539794101,0.007660890088728037,0.06864552058721463,0.3071847207515748,0.9195304089273624,0.103309479283198,0.8255070999018924,3.5096191773894474,0.09657494838050856
1925,0.15419265627861023,0.9395751953125,0.10797082632780075,0.0994862741991371,0.007712949060415338,0.06890804337083388,0.3082515622050308,0.9213614003481635,0.10397228677912151,0.8287804642832869,3.5099025173111067,0.09728718835433561
1950,0.15365919470787048,0.9397125244140625,0.10703697800636292,0.09830381937882994,0.0077652968047644995,0.06916781719298734,0.3093204512072446,0.9231699092882895,0.10463825325048909,0.8320193341518719,3.510181758959867,0.09799233643902872
1975,0.15313631296157837,0.9398193359375,0.10613252967596054,0.0971550945726176,0.007817946268389699,0.0694249487063389,0.3103916265830871,0.9249567795774695,0.10530746572950114,0.8352251467724695,3.510456987844495,0.09869078811441814
2000,0.15262380242347717,0.93994140625,0.1052253469824791,0.09603820760501311,0.007870898238623128,0.06967942427795872,0.3114650854767611,0.9267220539248607,0.10597996817311382,0.8383978814409234,3.5107283114481214,0.09938247541086216
2025,0.15212121605873108,0.9401397705078125,0.10435465723276138,0.0949529373437221,0.007924155844091896,0.0699313274557338,0.3125408646093317,0.9284663988178938,0.10665580014803368,0.8415383307379034,3.5109957611814337,0.10006761938279118
2050,0.15162810683250427,0.940338134765625,0.1035337895154953,0.09389990403542225,0.007977724578036095,0.07018070542006595,0.3136190506426771,0.9301902457928657,0.10733501160048775,0.844647403723317,3.511259413057214,0.10074642272799539
2075,0.1511441320180893,0.94049072265625,0.10271099209785461,0.09287454883753006,0.008031593964671124,0.07042759870578957,0.31469942415199414,0.9318940017699339,0.10801743559881218,0.8477255717783623,3.511519430577087,0.10141905326456713
2100,0.15066899359226227,0.94073486328125,0.10190992802381516,0.09187783732969455,0.00808577942221259,0.07067204793707899,0.3157822658199986,0.9335780453007747,0.10870328803383185,0.8507732847268227,3.511775880723434,0.10208566615399389
2125,0.1502024531364441,0.940948486328125,0.101133331656456,0.09090941922761844,0.008140291273115772,0.07091408450302929,0.316867751128116,0.9352426835840056,0.10939268698002805,0.8537910729484208,3.512028803924499,0.10274636157445892
2150,0.14974406361579895,0.9411468505859375,0.10036735236644745,0.08996800021422939,0.008195132282550475,0.07115375300618919,0.31795590875860774,0.9368883141362194,0.1100856181385079,0.8567798540146667,3.5122782641052077,0.10340131685232504
2175,0.14929375052452087,0.941375732421875,0.09959936887025833,0.0890515491354392,0.008250296872790506,0.0713910991364634,0.3190466087689518,0.9385153471806231,0.11078206827191268,0.859739707340244,3.5125243586210884,0.10405052733887604
2200,0.14885124564170837,0.9415283203125,0.09884695708751678,0.08816135573249646,0.008305796525883515,0.07162616441301017,0.32014005219774,0.9401241634543669,0.11148215921545393,0.8626709719447885,3.512767189115055,0.10469408048315702
2225,0.14841622114181519,0.941680908203125,0.09814941883087158,0.08729613230235689,0.008361637269789035,0.0718589577362204,0.32123632320336504,0.9417148988026561,0.11218596085841478,0.8655738244051021,3.5130067521590576,0.10533215577303263
2250,0.14798833429813385,0.9419097900390625,0.09745866805315018,0.08645645842494568,0.008417823052558622,0.07208949845043958,0.3223354760179669,0.9432877882001464,0.11289349288099985,0.8684485337720891,3.513243165655167,0.10596487942719193
2275,0.1475675106048584,0.9420623779296875,0.09671352058649063,0.0856386975812408,0.00847435184694125,0.07231784362605471,0.3234374469632015,0.9448433014035316,0.11360470579885601,0.8712957909357275,3.5134765113530033,0.10659226652860773
2300,0.1471535861492157,0.9421844482421875,0.09604419767856598,0.08484490183857117,0.00853122409982671,0.07254402975685163,0.3245422167954371,0.9463817602342057,0.11431962428943031,0.8741159974129467,3.513706832805926,0.10721440377023377
2325,0.14674609899520874,0.942352294921875,0.0954059511423111,0.08407231790409209,0.008588451415256552,0.07276812453303538,0.32564998033366205,0.9479036938107464,0.11503842850230633,0.876910329795941,3.513934198445108,0.10783158804053997
2350,0.1463448703289032,0.94256591796875,0.09477747231721878,0.08332259924632547,0.00864602727178358,0.07299013536638131,0.3267605814297091,0.9494092182488496,0.11576097333734414,0.8796787950178878,3.5141586126831252,0.10844386630693043
2375,0.14594972133636475,0.9427490234375,0.09414082020521164,0.08259316540532931,0.00870396742540466,0.07321008068551986,0.3278742940515702,0.9508985447540418,0.11648743968321969,0.882421371364395,3.514380172167583,0.1090513356361642
2400,0.1455603837966919,0.94287109375,0.09354749321937561,0.08188611411683608,0.008762258315711773,0.07342797936726633,0.32899084160229963,0.9523718952500753,0.117217658021972,0.8851385790500594,3.5145990084350602,0.10965407756473383
2425,0.14517667889595032,0.94305419921875,0.09295954555273056,0.0811988413619432,0.0088209247347906,0.0736438525118653,0.33011065731211436,0.9538294709150349,0.11795194032755416,0.8878308169462106,3.514815129280441,0.11025222971788627
2450,0.1447983980178833,0.9431304931640625,0.09239617735147476,0.08053085897822906,0.008879954724703482,0.07385776786950478,0.3312334874338765,0.9552717849132206,0.11869010709816781,0.8904989731979218,3.5150285870389038,0.11084593229674747
2475,0.1444253921508789,0.9432525634765625,0.09183893352746964,0.07988198681497305,0.00893936109003721,0.07406972622296926,0.3323595454761475,0.9566989250171486,0.11943229394559787,0.8931426807442339,3.515239472385998,0.11143522121931154
2500,0.144057497382164,0.9433746337890625,0.09128373861312866,0.07925209810467317,0.008999140975369179,0.07427974364108164,0.3334887420791727,0.9581110479713506,0.12017849573831454,0.8957620274589938,3.515447770442397,0.11202012043021856
2525,0.14369454979896545,0.9434967041015625,0.09074988961219788,0.07863950676161058,0.009059293883468716,0.07448789498512912,0.33462104336619236,0.9595087190312198,0.12092866946989368,0.8983580628142851,3.515653581255855,0.11260076782763265
2550,0.14333641529083252,0.9435882568359375,0.090195432305336,0.07804574221524654,0.009119838218128187,0.07469418711147803,0.33575674954097845,0.9608920214721739,0.1216830334439021,0.9009308381272553,3.5158568539670165,0.11317722764666986
2575,0.14298290014266968,0.9437713623046875,0.0897190123796463,0.0774695075083641,0.009180771374685983,0.07489866858828419,0.3368957932155637,0.96226136833552,0.12244152906943664,0.9034810054446509,3.516057767835924,0.1137496155632651
2600,0.1426338255405426,0.9438934326171875,0.08919821679592133,0.07691040158496525,0.009242100592974603,0.07510137370695721,0.3380382658670306,0.9636170151606827,0.12320418449255098,0.9060095142110085,3.5162562695744963,0.1143180736721651
2625,0.1422891765832901,0.9440155029296875,0.08869406580924988,0.07636775276583932,0.009303832095963407,0.07530229461925227,0.3391842575932042,0.9649589984860056,0.12397113815315124,0.908515925257214,3.516452499007632,0.11488252185946875
2650,0.14194877445697784,0.9441070556640625,0.08821037411689758,0.07584219849683632,0.009365968322891485,0.07550146127055725,0.34033377408832977,0.9662875546895465,0.1247423718582873,0.9110006018393412,3.516646444170531,0.11544305696944988
2675,0.14161241054534912,0.944183349609375,0.08772790431976318,0.07533202927879985,0.00942851598618596,0.07569887336936526,0.34148690749409133,0.967602751575027,0.12551797841402668,0.9134638680799624,3.5168381890548743,0.11599987255049081
2700,0.14128004014492035,0.944366455078125,0.08726000785827637,0.0748386910658038,0.009491467017161605,0.07589456318398319,0.3426434815158086,0.9689048627844844,0.12629788624869226,0.9159059718197905,3.5170278125500127,0.11655291779342462
2725,0.1409514844417572,0.944427490234375,0.08683318644762039,0.07436101402694827,0.009554837230827883,0.07608854859102725,0.34380374340618136,0.9701940446115256,0.12708225474985016,0.9183269786121255,3.5172153065853156,0.11710229094987039
2750,0.14062651991844177,0.9445037841796875,0.0864005833864212,0.073897740711908,0.009618631723002476,0.07628086120539287,0.3449677450445024,0.9714705402605142,0.12787110124817574,0.920727354840581,3.5174006655346473,0.11764813078316663
2775,0.14030513167381287,0.9445037841796875,0.08595477789640427,0.0734500098752938,0.009682853226700467,0.07647152344261156,0.3461355065414997,0.9727345645858697,0.12866443457829146,0.923107311870087,3.5175839987372433,0.11819046414425831
2800,0.13998720049858093,0.944671630859375,0.08554438501596451,0.07301631210697872,0.009747503124897186,0.07666056696616488,0.34730702433989896,0.9739863914949862,0.12946225886623422,0.9254674691624194,3.5177654208193077,0.11872932066979194
2825,0.13967262208461761,0.94482421875,0.08513770997524261,0.07259712205460792,0.009812585267459588,0.07684798677202072,0.3484823231242759,0.9752260167579446,0.1302646056132853,0.927807700225966,3.5179448874128014,0.11926481686803547
2850,0.13936123251914978,0.9449615478515625,0.08474033325910568,0.07219122382876644,0.009878102528585456,0.07703382497769778,0.34966141824219615,0.9764537580968599,0.1310714825713444,0.9301281812335609,3.5181224399259388,0.11979707656976711
2875,0.1390528678894043,0.9451446533203125,0.08436931669712067,0.07179891921135818,0.009944057058148057,0.07721811101459504,0.35084431499245383,0.9776698594735795,0.1318829764459658,0.93242952468332,3.5182981496371486,0.1203262522339922
2900,0.13874754309654236,0.94525146484375,0.08398202061653137,0.07142078675670692,0.010010450289135364,0.07740084511847176,0.3520309961204253,0.9788743513757948,0.1326990979043961,0.9347118216404866,3.5184719887825753,0.12085225958252947
2925,0.13844504952430725,0.9453582763671875,0.08362552523612976,0.07105501534910219,0.010077287949554144,0.0775820673592791,0.3532215252338002,0.9800675308395734,0.13351987163739726,0.9369755410433322,3.5186439853092573,0.12137516542476713
2950,0.1381453573703766,0.9455108642578125,0.08326330035924911,0.07070203952348665,0.010144568858662101,0.07776176740186803,0.35441585006301257,0.9812493911067753,0.13434525938129513,0.9392206122120319,3.5188142239584344,0.12189501270711256
2975,0.13784833252429962,0.9455718994140625,0.08292677253484726,0.07036100487312977,0.010212303737434232,0.07793996056335674,0.3556141228394581,0.9824200773950879,0.13517536637624053,0.9414471194648694,3.518982755111491,0.12241184067608578
3000,0.13755390048027039,0.9457244873046875,0.08258245140314102,0.07003333364245701,0.010280488184123153,0.07811668071767718,0.35681622701260485,0.9835798389617604,0.13601009262744831,0.9436556661594288,3.5191495864485356,0.12292578773281872
3025,0.1372620165348053,0.94580078125,0.08225564658641815,0.06971684045844775,0.01034913994172178,0.07829192224635612,0.35802244198413496,0.9847287070097825,0.13684963376137954,0.9458462513700024,3.519314838925865,0.12343682276385308
3050,0.13697248697280884,0.945831298828125,0.0819549709558487,0.06941215090600718,0.010418253728016972,0.07846572421704535,0.35923262792833477,0.9858669417905694,0.13769397631921065,0.948019305048108,3.519478449590816,0.12394514182232999
3075,0.13668525218963623,0.9460296630859375,0.0816434919834137,0.06911804261377784,0.010487839524098529,0.07863811599923495,0.3604469279535612,0.9869947935759427,0.13854321218499724,0.9501750005999507,3.5196405425267105,0.12445074679179591
3100,0.1364002823829651,0.946136474609375,0.08133061230182648,0.06883518773015486,0.010557896621560762,0.07880908775227966,0.3616652805225049,0.9881122115234948,0.13939727125258317,0.9523132555115399,3.5198010485497684,0.12495359466955026
3125,0.13611751794815063,0.9462890625,0.0810265839099884,0.06856278624735225,0.010628419772271986,0.07897866590864558,0.36288756642364195,0.9892194245189841,0.14025607287565944,0.9544345627341833,3.519960086397194,0.12545380814325005
3150,0.13583685457706451,0.94647216796875,0.08075572550296783,0.06830259641569161,0.01069941609934401,0.07914689036815702,0.3641138616973243,0.9903166985856725,0.14111974634329777,0.9565394873381073,3.5201176106930565,0.12595145942559371
3175,0.13555815815925598,0.946624755859375,0.08047965914011002,0.06805268221147073,0.010770896780803315,0.07931374302697647,0.3653443207363029,0.9914039652291574,0.14198838025874322,0.9586274700132604,3.5202736806630224,0.12644659215544668
3200,0.13528139889240265,0.9467010498046875,0.08020827174186707,0.06781199427874597,0.010842859849366475,0.07947925089327226,0.3665788791616349,0.992481452546547,0.14286192359856642,0.9606989562694094,3.520428407970535,0.12693924831994643
3225,0.13500651717185974,0.9468536376953125,0.07995206862688065,0.06758146135538158,0.010915309067506844,0.07964339912244633,0.36781754765398955,0.9935490659805325,0.1437403507261258,0.9627538023294845,3.5205816892564448,0.12742949436440057
3250,0.1347333788871765,0.9469757080078125,0.07969267666339874,0.06736019535523019,0.010988249994320156,0.07980620467479066,0.36906038987620865,0.9946069720911224,0.1446236990598339,0.9647925281682019,3.520733644354272,0.12791741098574272
3275,0.13446201384067535,0.9470977783203125,0.07944471389055252,0.06714811437618821,0.011061695717305498,0.079967671952261,0.37030758562958177,0.9956552338620922,0.1455121378828899,0.9668149878196336,3.520884305546658,0.12840293595379254
3300,0.1341923028230667,0.9471588134765625,0.07921169698238373,0.06694578423880367,0.011135643807236504,0.08012780489716492,0.3715590505333348,0.9966939032775624,0.14640561132173696,0.9688212738959844,3.5210336778570137,0.12888616170097184
3325,0.13392415642738342,0.9472503662109375,0.07899143546819687,0.06675154413356409,0.01121009674169004,0.08028661954277554,0.3728147882775644,0.9977231218106148,0.1473041466980432,0.9708116981329776,3.5211818185395427,0.12936715283424285
3350,0.1336575448513031,0.94744873046875,0.07875741273164749,0.06656554065343194,0.011285063846432186,0.08044414215162196,0.3740749037975316,0.9987430612073456,0.1482078280110976,0.9727863955462329,3.521328670007008,0.12984594920936945
3375,0.1333923637866974,0.947540283203125,0.078554667532444,0.06638701728828804,0.011360540082476259,0.08060040968305188,0.375339273806485,0.9997539872741275,0.14911655250452488,0.9747459614159995,3.521474275845654,0.13032261618226113
3400,0.1331285834312439,0.9476470947265625,0.07835246622562408,0.06621692017813151,0.011436529363598113,0.08075544048028992,0.3766079328206088,1.0007560728052765,0.1500303966883465,0.9766907230694251,3.5216187621704362,0.13079726665604074
3425,0.13286614418029785,0.94775390625,0.07814427465200424,0.06605575087736477,0.011513034378018625,0.08090919885254753,0.37788087059726605,1.001749090870527,0.15094938207953795,0.9786202808850561,3.5217620278372945,0.13126983405997364
3450,0.13260504603385925,0.9478607177734375,0.07794688642024994,0.06590158034623629,0.011590054437415105,0.08106170553818995,0.37915804625962596,1.0027332298323144,0.1518734240025127,0.9805345779283798,3.5219042031101377,0.1317403781499347
3475,0.13234518468379974,0.947998046875,0.07775895297527313,0.06575396618472656,0.011667608906525956,0.0812129437425959,0.3804397366950031,1.0037084193517691,0.15280277437193557,0.9824335244546387,3.5220453265088256,0.13220892041136906
3500,0.13208648562431335,0.9481048583984375,0.07758910208940506,0.06561445135507626,0.011745688224314186,0.08136298559298902,0.3817257346184615,1.0046751107117138,0.15373730803650673,0.984318224341254,3.522185340150217,0.1326756238312604
3525,0.1318289041519165,0.9481658935546875,0.07739845663309097,0.06548176045877577,0.01182430084973307,0.08151185359619306,0.3830161478408121,1.005633501949865,0.15467709820835113,0.9861888378332433,3.5223243779474998,0.1331404762915064
3550,0.13157249987125397,0.948272705078125,0.07722299546003342,0.06535536612606904,0.011903444765304106,0.08165957950634394,0.38431088831984284,1.0065837806016653,0.15562201598974426,0.9880456972789652,3.5224623397466948,0.13360342980481374
3575,0.1313171535730362,0.9483795166015625,0.07705819606781006,0.0652356901536618,0.011983129077716067,0.08180613626340755,0.38561006705915024,1.0075258215726708,0.1565721867964231,0.9898885845345106,3.522599302235289,0.134064570520624
3600,0.1310628056526184,0.9485015869140625,0.07689712941646576,0.06512173228512631,0.012063343083911575,0.08195155460995683,0.3869134704902212,1.0084598415164494,0.15752748507330971,0.9917177286548278,3.522735292148858,0.13452402990095155
3625,0.13080941140651703,0.9486846923828125,0.07674968987703323,0.06501419744405008,0.01214408923023599,0.08209583993488165,0.38822110128248577,1.00938590903687,0.15848791499753523,0.9935332249403795,3.5228703664964924,0.1349818395012169
3650,0.13055692613124847,0.9488067626953125,0.0765933021903038,0.06491282093608382,0.012225375815209634,0.08223900714309332,0.38953305000322824,1.0103041371160923,0.15945355006148293,0.9953351953118208,3.5230045342257053,0.1354379897309141
3675,0.13030533492565155,0.948944091796875,0.0764552429318428,0.0648166643313966,0.01230720779752851,0.08238103864652171,0.3908493574891383,1.011214450736987,0.1604244098805484,0.9971234790374452,3.5231378459219567,0.13589247048821249
3700,0.1300545632839203,0.9490509033203125,0.07633503526449203,0.06472637206537632,0.012389585850243023,0.08252197305428378,0.3921699834694099,1.0121170868146674,0.16140050115259647,0.9988988687561922,3.523270237756231,0.13634541298428832
3725,0.1298045665025711,0.9492340087890625,0.07618045806884766,0.06464069029381327,0.012472516504709362,0.08266183910360642,0.3934949964714451,1.0130122624251825,0.16238185109247572,1.0006615632918545,3.523401790969888,0.1367968219732548
3750,0.1295553594827652,0.9492950439453125,0.07606349140405655,0.0645599206783785,0.012556002164059195,0.0828006334806249,0.3948244018306362,1.0139000042110569,0.16336847661465476,1.0024115880006639,3.52353260939918,0.13724671728547308
3775,0.1293068528175354,0.9494171142578125,0.07593503594398499,0.06448491590283863,0.012640040901256007,0.08293831350909266,0.3961581182063181,1.014780049553819,0.1643603468034083,1.004148448824565,3.523662628773272,0.1376951439703899
3800,0.1290590912103653,0.949554443359375,0.0758199468255043,0.06441415109890829,0.01272463598181949,0.08307489751048037,0.3974961542113627,1.015652530020953,0.16535744794495327,1.005872293288916,3.523791856848851,0.13814200360916282
3825,0.12881195545196533,0.9495849609375,0.07571925222873688,0.06434837354114287,0.012809791848582958,0.08321044153492153,0.39883853592947105,1.0165178055035042,0.16635985986304572,1.0075836888069738,3.523920295937136,0.1385874833316045
3850,0.12856538593769073,0.94964599609375,0.07559991627931595,0.06428764472522203,0.01289551016215273,0.08334494405503057,0.40018524879317424,1.0173758908556436,0.16736756370793984,1.0092827502573798,3.5240479748242626,0.13903159369706664
3875,0.12831944227218628,0.9496917724609375,0.07550877332687378,0.06423013314335073,0.012981796082018425,0.08347842365644471,0.4015363242070666,1.0182269025003325,0.16838054017897663,1.0109695286440008,3.5241748497470544,0.13947433245502874
3900,0.128074049949646,0.949798583984375,0.07540787011384964,0.06417782076439879,0.013068652279494677,0.08361088513465378,0.4028917734116749,1.0190709200192685,0.1693988306309465,1.012644013158242,3.5243010421432097,0.139915768448467
3925,0.1278291791677475,0.949859619140625,0.0753139778971672,0.0641294239694405,0.01315607713961718,0.08374229743605079,0.40425152914270585,1.0199077724411891,0.17042237280551803,1.0143060045606183,3.52442656255858,0.14035587127229163
3950,0.12758484482765198,0.9499359130859375,0.07519330084323883,0.06408397067110806,0.01324407322171541,0.0838726867062788,0.40561558699527217,1.0207376326408022,0.17145115229079,1.015955928860388,3.5245514056338707,0.14079466345828065
3975,0.12734103202819824,0.95001220703125,0.0751224160194397,0.06404208222961769,0.013332632920552923,0.08400205782080027,0.40698380219765273,1.0215605808364108,0.17248509118733146,1.0175936472187517,3.524675694831689,0.14123215503769412
4000,0.12709762156009674,0.9501190185546875,0.07503817230463028,0.06400416804224297,0.013421758668828271,0.08413045391498097,0.40835616152160253,1.0223768712356625,0.17352424290665208,1.0192196058649787,3.524799352513943,0.14166850450350868
4025,0.12685464322566986,0.950286865234375,0.07495760172605515,0.0639693121675265,0.01351146299881779,0.08425783495279769,0.4097328089609497,1.023186262747431,0.17456867601189954,1.020833544865484,3.5249223378938606,0.14210363415250185
4050,0.12661203742027283,0.95037841796875,0.07488957047462463,0.0639369370690227,0.013601748946915158,0.08438424910503668,0.4111137766001661,1.0239891340307394,0.1756184006424819,1.022436060248935,3.5250448995713684,0.1425376655437786
4075,0.12636980414390564,0.9503936767578125,0.07481499016284943,0.0639082679037922,0.01369260576534086,0.08450972402968623,0.4124988407138043,1.0247856183852313,0.17667328594338755,1.0240273536682438,3.5251668726504284,0.14297058521722167
4100,0.1261279284954071,0.9504241943359375,0.07474812865257263,0.06388196645891878,0.013784042176830776,0.08463428091082252,0.41388809794625175,1.0255758729417441,0.17773336290489858,1.025607833359425,3.525288311626344,0.14340247960303315
4125,0.12588638067245483,0.950531005859375,0.07469140738248825,0.06385870445655081,0.013876066851747318,0.08475787462132582,0.41528163378417143,1.026359630278692,0.17879868829542928,1.0271770578003627,3.5254091933565124,0.14383332909101468
4150,0.12564510107040405,0.950653076171875,0.07463265210390091,0.0638377400401425,0.013968686960167063,0.08488054060546149,0.41667950545219806,1.027137099825233,0.17986936950436194,1.0287353480847898,3.5255294561278316,0.14426318056277265
4175,0.12540405988693237,0.9507904052734375,0.07458790391683578,0.06381996481307957,0.014061901845336953,0.085002289156937,0.4180816839313517,1.02790841483767,0.18094535499075787,1.0302828241269155,3.525649301248806,0.14469209425749247
4200,0.1251632571220398,0.9508514404296875,0.0745442807674408,0.06380445951751543,0.014155705970301469,0.08512313571157794,0.4194880245547298,1.0286736310884228,0.18202656668625572,1.0318196548204916,3.5257685584463343,0.1451201203916456
4225,0.12492264807224274,0.950927734375,0.07450862228870392,0.06379140929513248,0.01425009882175486,0.08524311812516529,0.4208985173933828,1.029433084273159,0.1831129786904431,1.0333463833832361,3.525887554340902,0.1455473902668335
4250,0.1246822401881218,0.95111083984375,0.07445753365755081,0.06378022246288584,0.014345089607028228,0.08536219334394193,0.4223132344716684,1.0301864697468899,0.18420464018074478,1.0348627103308117,3.5260060965268556,0.1459738203001629
4275,0.12444202601909637,0.95123291015625,0.07441886514425278,0.0637714337949414,0.014440668662799694,0.0854803840131039,0.4237319897162971,1.0309339291688817,0.1853014364363363,1.0363686324102332,3.526124162659596,0.14639939432215043
4300,0.12420197576284409,0.9514007568359375,0.07439405471086502,0.06376460375302244,0.01453684109339672,0.08559770331191406,0.4251548179559798,1.031675553216703,0.18640341499656088,1.0378644900450704,3.526241752847694,0.1468241719440812
4325,0.12396201491355896,0.951568603515625,0.07436136901378632,0.06375961921700041,0.014633617041753696,0.08571415776789416,0.4265818417161733,1.0324114280727263,0.187510710958467,1.0393503762406395,3.5263589898047014,0.14724823434683657
4350,0.12372224032878876,0.951568603515625,0.07432480156421661,0.06375645799459526,0.014730996723785724,0.08582968880347504,0.42801302392745816,1.0331412140546576,0.1886231743527528,1.040825490534731,3.5264758805281566,0.14767140247344565
4375,0.1234825849533081,0.95166015625,0.07428310811519623,0.06375507207588627,0.014828983097342822,0.08594434726312955,0.429448363779609,1.0338652211850508,0.18974084112413764,1.042290402445511,3.5265924005662685,0.1480937662786249
4400,0.1232430636882782,0.9517364501953125,0.07425135374069214,0.06375564604894587,0.01492757090765099,0.08605813332928174,0.4308877427961987,1.0345834565632295,0.19086364205806416,1.0437452736864794,3.5267085340718882,0.1485153520321055
4425,0.12300369143486023,0.95184326171875,0.07421797513961792,0.06375699489904575,0.015026759664978172,0.08617103737436121,0.4323311290219825,1.0352959079614081,0.19199149281381805,1.0451897714061427,3.5268244005692173,0.14893613797519883
4450,0.12276442348957062,0.9519500732421875,0.07418554276227951,0.0637589973803539,0.01512654537933865,0.08628308481799789,0.4337784190274284,1.0360027211856964,0.19312440212454274,1.0466242973103976,3.526939940894287,0.1493561609141172
4475,0.12252525985240936,0.9521026611328125,0.07415663450956345,0.06376309940954707,0.01522693726914388,0.08639429149183066,0.43522970707865477,1.0367040027375365,0.19426238858178718,1.0480490385051124,3.5270551597086843,0.1497754631956527
4500,0.12228616327047348,0.952178955078125,0.074132040143013,0.06376807324140692,0.015327941113906526,0.08650465647596738,0.4366850370024775,1.03739975801922,0.19540548544618047,1.0494639521425186,3.5271700606084133,0.15019406667375484
4525,0.12204715609550476,0.9522552490234375,0.07411257922649384,0.06377382895876707,0.015429559606539864,0.0866141756267326,0.43814440977885766,1.0380899769229242,0.19655373261606165,1.0508691865710573,3.527284660448187,0.15061193459228395
4550,0.12180816382169724,0.9523162841796875,0.07409969717264175,0.06378081268321688,0.015531789090533129,0.08672287397152878,0.4396077401907887,1.0387748328190676,0.1977070970558189,1.0522647946807542,3.5273990059934985,0.15102918964463705
4575,0.12156921625137329,0.9524383544921875,0.07408948987722397,0.06378852112025558,0.015634624322183266,0.08683075147293313,0.4410749132363198,1.039454328471216,0.1988654771225707,1.053650869689772,3.527513075617437,0.15144581442588997
4600,0.12133023142814636,0.952606201171875,0.07409371435642242,0.06379815977561616,0.015738075827227596,0.08693782485955981,0.44254604977176965,1.0401285969493115,0.2000289581857151,1.0550277327561646,3.5276269498790525,0.15186193271943368
4625,0.12109123170375824,0.9527435302734375,0.07408155500888824,0.06380838125039125,0.01584213959243221,0.08704413263835993,0.4440210475346743,1.0407978591454674,0.2011974622646457,1.056395758704242,3.527740566622577,0.1522775286944041
4650,0.12085221707820892,0.952850341796875,0.0740768164396286,0.06381944295379695,0.015946813945967912,0.08714965542695138,0.4454998491754129,1.0414620155257743,0.2023709476912241,1.0577548024301904,3.5278539522445667,0.15269259224328227
4675,0.120613232254982,0.9529571533203125,0.07405844330787659,0.06383064873251051,0.016052098975958592,0.08725437574663594,0.4469824247233208,1.0421209831057143,0.20354937438165494,1.059104342297273,3.5279671500303715,0.1531070476782483
4700,0.12037426978349686,0.9530487060546875,0.07404383271932602,0.06384228400665432,0.01615799861210095,0.08735832582073282,0.4484687851412214,1.0427749459105642,0.20473277246188548,1.0604446383830402,3.5280801024305246,0.15352092329434683
4725,0.12013530731201172,0.9531402587890625,0.07403235137462616,0.06385516231728709,0.016264510904238097,0.08746152140636639,0.4499588929296909,1.0434240663892955,0.20592107094104073,1.061776337883673,3.5281930129731793,0.15393431450999542
4750,0.11989632248878479,0.95330810546875,0.07403232157230377,0.06386866978636059,0.016371633205325885,0.0875639611319746,0.45145265746155666,1.0440683015923073,0.20711426196796773,1.0630993578393275,3.5283057366841306,0.15434722945898935
4775,0.11965729296207428,0.953399658203125,0.07402827590703964,0.06388221331137962,0.01647936773474779,0.08766564622100495,0.4529500838589813,1.0447076890541318,0.2083123145063657,1.0644135147461606,3.5284183487638026,0.15475967485779676
4800,0.11941824853420258,0.9534759521484375,0.07402972877025604,0.06389609992689162,0.016587714801490037,0.08776658755493856,0.45445113799829995,1.0453422934649426,0.20951517425065258,1.0657189743082311,3.5285308220997904,0.15517167481374655
4825,0.1191791296005249,0.95355224609375,0.07403919845819473,0.06391069523171711,0.01669668282898728,0.08786680394489647,0.45595589779720774,1.0459722287124447,0.2107229521188535,1.067015967520348,3.5286431371458926,0.15558331424850325
4850,0.11893998086452484,0.9536285400390625,0.07402697205543518,0.06392532282187355,0.016806252425141777,0.08796626421431962,0.4574640705762239,1.0465973318580475,0.21193538888596342,1.0683044290283008,3.528755344747032,0.1559945166018715
4875,0.1187007874250412,0.9536895751953125,0.07403481751680374,0.06394014260584967,0.016916439187858297,0.08806500010300002,0.4589758289596223,1.0472177841898065,0.2131525825306588,1.0695847263352782,3.5288673939676154,0.1564053244286711
4900,0.1184614971280098,0.9538116455078125,0.07405264675617218,0.06395527658110406,0.017027242740507587,0.08816303849680508,0.46049115805023544,1.0478338080875762,0.21437452923701197,1.0708571947355319,3.528979471137132,0.1568158629460762
4925,0.11822210252285004,0.9539031982421875,0.07405512034893036,0.06397043810387054,0.017138668468372385,0.0882603824537942,0.4620100779259801,1.04844538555959,0.21560127232387408,1.0721218780533681,3.529091430831132,0.157226191729768
4950,0.1179826632142067,0.9541015625,0.07405554503202438,0.0639854958663062,0.01725070546342993,0.08835699761500802,0.4635324122154707,1.049052328971202,0.21683268168453623,1.073378162081179,3.5292033048701774,0.15763613009378696
4975,0.11774314939975739,0.9542694091796875,0.07406380772590637,0.06400033439413363,0.017363359982131572,0.08845288686512681,0.46505821249794693,1.0496546625211591,0.21806880400339496,1.074626023416851,3.529315093082461,0.1580456958208223
5000,0.1175035834312439,0.9543914794921875,0.07406660914421082,0.06401512376161313,0.017476628289640837,0.08854807069876908,0.4665873995307163,1.0502525221224128,0.21930954938208977,1.075865897404507,3.5294268201346477,0.15845488280250644
5025,0.11726394295692444,0.9544830322265625,0.07408114522695541,0.06402943181872622,0.01759050469971732,0.08864259658157407,0.46811985991848143,1.0508461825603064,0.2205548291772531,1.0770983501068714,3.5295384411902537,0.1588638186180532
5050,0.11702419817447662,0.954681396484375,0.07410145550966263,0.06404534453321958,0.01770499859897105,0.08873643823575783,0.4696557108958387,1.0514355470645427,0.22180478496926806,1.0783231478302528,3.529650132958726,0.15927252889398164
5075,0.11678433418273926,0.9548187255859375,0.07410937547683716,0.06406023871696019,0.017820108325945914,0.08882961314579853,0.47119487817240846,1.0520206790049815,0.22305930219572193,1.079540456839638,3.5297617387896114,0.15968102494239025
5100,0.11654441058635712,0.954986572265625,0.07411675900220871,0.06407443914140737,0.017935832716700004,0.0889221014919014,0.47273733594230055,1.0526015131720365,0.22431831756764137,1.0807497742114436,3.52987341249674,0.16008924770254546
5125,0.116304412484169,0.9550628662109375,0.07413306087255478,0.06408912509111535,0.018052160969907232,0.08901394060582025,0.47428290581975896,1.0531782632565954,0.2255817221323489,1.0819514662240737,3.5299851086147527,0.1604972386908987
5150,0.11606427282094955,0.955169677734375,0.07415096461772919,0.06410371182538727,0.018169108032175765,0.08910512877222365,0.4758317473902626,1.0537509087829822,0.22684964390028062,1.0831458035515846,3.5300967724214964,0.16090507522907355
5175,0.11582402139902115,0.955322265625,0.07417118549346924,0.06411738580427949,0.018286667494554133,0.08919565561451294,0.4773837557976691,1.054319414640283,0.22812198361411595,1.0843326574249244,3.530208471839981,0.16131274602735127
5200,0.1155836433172226,0.9554595947265625,0.07420229911804199,0.06413129852674695,0.01840484987754282,0.08928551268829862,0.47893903784243186,1.0548837349228468,0.229398804408084,1.0855118858090074,3.5303202001451055,0.16172024606296315
5225,0.11534316092729568,0.9556121826171875,0.07420358806848526,0.06414448574096653,0.0185236467234732,0.08937470385552881,0.48049744946144096,1.0554438892037294,0.23067998826483682,1.0866835953938017,3.530431926485723,0.16212758117345197
5250,0.11510258913040161,0.9557952880859375,0.07421846687793732,0.06415730567055568,0.01864304813851068,0.08946323149173155,0.48205883234702757,1.0559998939833095,0.23196543733229158,1.0878476048229193,3.5305436394798773,0.16253470613179796
5275,0.11486189067363739,0.955963134765625,0.07424994558095932,0.0641701954579177,0.01876306784558332,0.08955111078177276,0.4836233408481775,1.0565518551635744,0.2332552470927541,1.0890045070911563,3.530655374299713,0.1629417243019218
5300,0.11462107300758362,0.9560394287109375,0.07425981760025024,0.06418267080926768,0.01888370104711623,0.08963836114539966,0.485190896016753,1.0570999176043905,0.23454933146453344,1.0901543775269347,3.5307672135137564,0.1633486095206768
5325,0.11438018083572388,0.956207275390625,0.07427377253770828,0.06419441478742306,0.019004935769716534,0.08972498858669206,0.48676131303850106,1.0576441138368464,0.23584754296450358,1.0912970851760826,3.5308791293810735,0.1637552970722899
5350,0.11413921415805817,0.956268310546875,0.07428164035081863,0.06420531100309557,0.019126778017690412,0.08981097771082332,0.48833463998157084,1.0581843527780803,0.23714986819866268,1.0924326624687186,3.530991102788275,0.16416181699279572
5375,0.11389818787574768,0.9564056396484375,0.07429209351539612,0.06421572335475403,0.019249215155983206,0.08989633368207013,0.48991069512508495,1.0587206820536432,0.2384561703060941,1.0935609616070145,3.531103173152659,0.1645681225674583
5400,0.11365707218647003,0.9564971923828125,0.07430766522884369,0.064225390968517,0.019372256525043315,0.08998108898400971,0.49148957951291106,1.0592533134776037,0.23976656476181574,1.0946822929700268,3.531215391475546,0.16497431862325077
5425,0.11341588199138641,0.9565887451171875,0.07431913912296295,0.06423416111604001,0.019495892913693212,0.09006525929690501,0.4930711462610333,1.0597823334097245,0.2410809178515833,1.0957969607788003,3.531327721343498,0.1653804178207095
5450,0.11317460983991623,0.956695556640625,0.07432657480239868,0.06424241507907733,0.019620126749152138,0.09014881422423063,0.4946553925935628,1.060307547831076,0.24239921790458835,1.096904487803683,3.5314400957787657,0.1657863867672082
5475,0.11293326318264008,0.95684814453125,0.07435622811317444,0.06424993891549712,0.01974497126525021,0.09023175682886675,0.49624246247659654,1.0608289835285822,0.24372155837949375,1.0980051324540905,3.5315525273621042,0.1661922880410614
5500,0.11269179731607437,0.9569549560546875,0.07436983287334442,0.06425711492316516,0.019870426703345205,0.09031410373574661,0.4978323438822694,1.0613467651440185,0.24504795137905905,1.0990991299286874,3.5316650893717667,0.16659813451989303
5525,0.1124502569437027,0.95709228515625,0.07439009100198746,0.0642640468888375,0.019996483982957263,0.09039584277789191,0.49942490312464344,1.06186083609054,0.24637820742263128,1.1001862077391835,3.531777815348761,0.16700387694104868
5550,0.11220860481262207,0.9572601318359375,0.07441049069166183,0.06426966762606996,0.020123155945527837,0.09047699415766773,0.501020269284188,1.0623713047039005,0.24771247395133855,1.1012665551560286,3.5318906550398315,0.16740956557662567
5575,0.11196689307689667,0.957305908203125,0.07442274689674377,0.06427427784741854,0.020250430808445005,0.09055755063951339,0.502618272911502,1.0628781367971951,0.2490505676053035,1.102340137767818,3.532003620566577,0.16781517924479727
5600,0.1117250993847847,0.9574737548828125,0.07444118708372116,0.06427804946752405,0.02037829691937784,0.09063753291302856,0.5042187419977494,1.0633814487691997,0.2503923793601444,1.1034073183592574,3.5321166800198807,0.1682207867553618
5625,0.11148323118686676,0.95758056640625,0.07446419447660446,0.06428129021483382,0.020506754712169253,0.09071698888556128,0.5058216701729417,1.063881547039465,0.2517378958465704,1.1044687378977116,3.532229903366562,0.16862646416027582
5650,0.11124128103256226,0.9576568603515625,0.07448535412549973,0.0642834468606192,0.02063580997266473,0.09079589355435108,0.5074271050191398,1.0643782847258612,0.2530871366472386,1.1055239702698791,3.532343275986566,0.1690321446268346
5675,0.11099924147129059,0.9578399658203125,0.07450201362371445,0.06428483549888495,0.02076545992552475,0.09087424611802493,0.5090350090886971,1.0648716999625532,0.25444006289345855,1.1065730772658469,3.532456926006197,0.1694378893066082
5700,0.11075711250305176,0.95794677734375,0.0745232105255127,0.06428582781811501,0.02089570039580072,0.09095203173722452,0.510645289068481,1.065361665959724,0.2557966067011308,1.1076157559524802,3.5325707071998522,0.1698436043974663
5725,0.11051491647958755,0.95806884765625,0.07454061508178711,0.06428598779557208,0.02102653264611823,0.09102924869873313,0.5122579402215199,1.0658481780211098,0.2571567257868087,1.1086520514051832,3.5326846232469475,0.1702493467776136
5750,0.11027266085147858,0.9581298828125,0.07455518841743469,0.0642852326274561,0.02115795226643343,0.0911059028332419,0.5138728940679519,1.0663312861505394,0.2585203748108402,1.1096822601618832,3.532798712869474,0.17065507198684224
5775,0.11003035306930542,0.9582061767578125,0.07457469403743744,0.0642838308684949,0.021289958352152367,0.09118198025551434,0.515490127068465,1.0668109281373332,0.2598875089975994,1.1107060120268046,3.5329130253779675,0.17106076324998973
5800,0.10978800058364868,0.9583587646484375,0.07458648085594177,0.06428157414232641,0.021422555344083983,0.09125747892905474,0.5171096627477471,1.0672870742277536,0.2612581152926966,1.1117233121582069,3.5330274878100045,0.17146644523806923
5825,0.10954557359218597,0.958526611328125,0.07461074739694595,0.06427790143072781,0.02155573810449516,0.0913324199846555,0.5187314174240403,1.0677598477662127,0.2626321600359487,1.1127343101958997,3.5331420858924583,0.1718721539876304
5850,0.10930309444665909,0.958648681640625,0.07462047040462494,0.06427310726883466,0.021689494855727593,0.09140683697594756,0.5203552374845266,1.0682294624531463,0.2640095574767066,1.113739302831016,3.5332568648933127,0.1722778777816032
5875,0.10906058549880981,0.958709716796875,0.07463505119085312,0.06426796836402907,0.021823831591655518,0.09148071426552454,0.5219811881928902,1.0686958532134974,0.2653903169006743,1.1147382341922656,3.5333718993859655,0.17268359088526503
5900,0.10881803929805756,0.958831787109375,0.07464662194252014,0.064261921547837,0.021958738028991818,0.09155406154746615,0.523609114944311,1.0691590514315137,0.2667742853773806,1.1157312895353786,3.5334870934618015,0.1730893042666886
5925,0.10857551544904709,0.9589385986328125,0.07465305179357529,0.06425377633018375,0.02209420770223838,0.09162690286018642,0.5252389541468546,1.0696192618921,0.2681613451965933,1.1167188266355894,3.5336026480167253,0.17349501967181946
5950,0.10833295434713364,0.959075927734375,0.07466649264097214,0.06424612112002082,0.022230248126858324,0.0916992210773584,0.5268707489477182,1.0700763263268926,0.26955156522869944,1.117700648838827,3.533718358669598,0.1739007513561616
5975,0.1080903634428978,0.9591522216796875,0.0746837705373764,0.06423696083915993,0.02236686712143177,0.0917710211079834,0.5285045735628323,1.0705302732604953,0.2709449728965033,1.1186766767204859,3.533834213348357,0.17430650797795788
6000,0.10784776508808136,0.9592437744140625,0.07469292730093002,0.06422711367854401,0.022504047951024692,0.09184231779641118,0.5301402202786646,1.0709812057003496,0.2723413923779424,1.1196471799928598,3.5339502548754886,0.1747122799293165
6025,0.10760515928268433,0.959320068359375,0.0747077688574791,0.06421574554662633,0.022641793722652365,0.0919131068366227,0.5317777198993513,1.0714291206688404,0.2737408782453351,1.1206120589702484,3.5340665451027626,0.17511809507713264
6050,0.1073625311255455,0.959442138671875,0.07471470534801483,0.0642037370496749,0.022780107343122295,0.09198339487989166,0.5334170862377394,1.071874049940867,0.2751434252436168,1.1215711687668763,3.5341830498659026,0.1755239582470054
6075,0.10711992532014847,0.9595184326171875,0.07471928745508194,0.0641906648387208,0.02291897115338884,0.09205318709366932,0.5350581106029453,1.0723160523349835,0.27654876615805857,1.1225248207783445,3.534299852959382,0.17592986931046392
6100,0.10687734186649323,0.9596405029296875,0.074727363884449,0.06417642173088071,0.02305838734537332,0.09212248976222467,0.5367007984920108,1.072755153899282,0.27795691153246194,1.1234730157654402,3.5344169089012483,0.1763358118728277
6125,0.10663478821516037,0.9597015380859375,0.07473301142454147,0.0641615158606917,0.023198361258638087,0.09219129023676759,0.5383451894731321,1.073191265966518,0.27936788822513786,1.1244157503459784,3.5345341576731433,0.1767417541388927
6150,0.1063922569155693,0.9597625732421875,0.0747421532869339,0.064145388442605,0.02333888921214279,0.0922596003327038,0.539991233051324,1.0736244720576265,0.2807816497722311,1.1253531281379816,3.534651637373166,0.17714773781895862
6175,0.10614974796772003,0.9598846435546875,0.07475000619888306,0.06412790885651427,0.023479971678626622,0.09232743187281067,0.5416389353140718,1.0740548713743383,0.2821981382810179,1.1262850874324166,3.5347694379162893,0.17755379312161693
6200,0.10590725392103195,0.959930419921875,0.07476406544446945,0.06410972134726214,0.023621611848680016,0.09239479099205329,0.5432883056506917,1.0744824741840073,0.28361743055297084,1.127211674310948,3.5348874657100193,0.17795994538515367
6225,0.10566478967666626,0.9600067138671875,0.07476891577243805,0.06408980762520673,0.023763804806449677,0.09246165539342611,0.5449392821151531,1.0749071689033345,0.2850394219346534,1.128132730463121,3.5350057703311326,0.17836615616074233
6250,0.10542236268520355,0.9600677490234375,0.07477562874555588,0.06406985070114182,0.02390654221277983,0.09252803560088767,0.5465917402105424,1.0753289869737768,0.28646403032561907,1.1290483966546874,3.5351242440374757,0.178772403374029
6275,0.10517998039722443,0.96014404296875,0.07478178292512894,0.06404769859843164,0.024049817675423225,0.09259396056081347,0.548245598757334,1.0757481060520273,0.2878911607688714,1.1299589690108194,3.5352429084256456,0.17917874876960435
6300,0.10493765771389008,0.96026611328125,0.07478243857622147,0.06402498287815933,0.024193623910216167,0.09265942478989252,0.5499007756378479,1.0761645196084824,0.28932080505545277,1.1308642611800792,3.535361837605886,0.17958516596966256
6325,0.1046953797340393,0.9603729248046875,0.07478875666856766,0.06400156134076786,0.024337960667494125,0.09272445089862184,0.5515572748857589,1.0765783944172953,0.290752912795181,1.1317645639433676,3.535481139074325,0.17999167443894623
6350,0.1044531762599945,0.960418701171875,0.07479335367679596,0.06397736682327354,0.02448282463211611,0.0927890384366649,0.553215038338406,1.0769897089396745,0.2921873981124382,1.132659982974702,3.5356007419546596,0.18039826503178855
6375,0.10421103239059448,0.9604949951171875,0.07479457557201385,0.06395239941537671,0.024628224057536213,0.09285315390699705,0.5548741308138297,1.077398234794472,0.29362426141861697,1.1335502909963697,3.5357205259277107,0.18080489646024922
6400,0.10396898537874222,0.9606475830078125,0.07478576898574829,0.06392605956873429,0.024774147901229907,0.09291682124283841,0.5565344369479717,1.0778041499648305,0.2950633909419724,1.134435519055189,3.5358406105302045,0.18121156516796505
6425,0.10372704267501831,0.960723876953125,0.07478749752044678,0.06389858418758386,0.024920591721739462,0.09298002253681362,0.5581959057461842,1.0782073677883939,0.2965047580389153,1.1353154748128675,3.535961043466609,0.18161828047701037
6450,0.10348519682884216,0.9608154296875,0.07478340715169907,0.06386988155414325,0.025067544523101996,0.09304276072957361,0.5598583973583326,1.0786078909106882,0.2979481817837957,1.136190375155014,3.5360817686689763,0.18202503221664845
6475,0.10324345529079437,0.9609832763671875,0.07477851957082748,0.06384017296495703,0.025215015787568806,0.09310502346734167,0.5615219967778945,1.0790056244642328,0.29939374009202147,1.137059802372805,3.5362027011711037,0.1824317741907636
6500,0.10300181806087494,0.9610595703125,0.07478083670139313,0.06380965866603902,0.025363000115703648,0.09316686481654815,0.5631866418297952,1.0794008954515977,0.3008413826335738,1.1379245495923145,3.53632387750277,0.18283864934689592
6525,0.10276028513908386,0.961151123046875,0.07477184385061264,0.06377804046677936,0.02551149022181791,0.09322827607267224,0.5648522573788487,1.0797936804946047,0.30229105704875003,1.1387843736474186,3.5364453784604053,0.18324558324519097
6550,0.10251887887716293,0.9611968994140625,0.07476913183927536,0.06374519624029626,0.025660486816076737,0.09328924636045391,0.566518826284764,1.0801838837838071,0.3037427472495565,1.1396392226204046,3.536567088617658,0.1836525539058172
6575,0.10227757692337036,0.9613189697265625,0.07477355748414993,0.0637112900964312,0.025809990492673827,0.09334977090914691,0.5681863654806315,1.0805715125057573,0.3051964357657867,1.1404890185981644,3.536689114000155,0.18405957388079397
6600,0.10203640162944794,0.961395263671875,0.07476778328418732,0.06367679789115208,0.02595999034812327,0.0934098675589438,0.5698547366317723,1.0809566491969127,0.3066519546376152,1.1413341288793846,3.5368113789473505,0.1844666502260732
6625,0.10179534554481506,0.96148681640625,0.07476642727851868,0.06364073722766572,0.026110485069006994,0.09346955524561834,0.5715239395504417,1.0813394428948393,0.3081093333718802,1.1421746710262846,3.5369340051486287,0.184873844190369
6650,0.10155440121889114,0.9615631103515625,0.07476875185966492,0.0636041375218078,0.026261484373804853,0.09352883584737394,0.5731940660113702,1.0817198893837046,0.30956860994399704,1.1430106764226036,3.537056936041962,0.18528114294160491
6675,0.10131356865167618,0.961822509765625,0.0747651755809784,0.06356680933881481,0.02641298519918472,0.09358768396188115,0.5748650695236217,1.082097830585512,0.31102974929431904,1.1438417383361301,3.537180127836924,0.18568850550959148
6700,0.10107287764549255,0.9619140625,0.07475465536117554,0.06352827101160775,0.02656497699752661,0.09364609969427364,0.5765368442730093,1.0824732963846189,0.3124926122169551,1.1446680218464267,3.537303668808369,0.18609590580108465
6725,0.10083236545324326,0.9619903564453125,0.07473938912153244,0.06348816697632856,0.02671744771373323,0.09370411824580793,0.5782092572489006,1.0828464962218853,0.3139570877107828,1.1454899707288446,3.5374275713133336,0.1865033595941223
6750,0.10059201717376709,0.9620819091796875,0.0747344046831131,0.06344747848862323,0.02687039475817404,0.09376175474475337,0.5798822533314049,1.0832174751661674,0.3154231431576288,1.1463077469589136,3.5375516903571294,0.18691089172755146
6775,0.10035181790590286,0.9622039794921875,0.07472573965787888,0.06340582270395631,0.027023828937318244,0.09381896243093955,0.581555944964938,1.0835859641988588,0.31689082407822344,1.1471206170271082,3.53767602289472,0.18731846704617988
6800,0.10011179745197296,0.9622955322265625,0.07471796870231628,0.06336332789502527,0.027177739968518456,0.09387577755277175,0.5832302245759149,1.0839521878103202,0.31835998585473446,1.1479291048185172,3.5378006115839202,0.18772610187301952
